Titulo,Preco,TipoLivro,Avaliacao,nAvaliacao,Paginas,Idioma,Editora,Dimensao,Data,Dias
#MakeoverMonday: Improving How We Visualize and Analyze Data. One Chart at a Time,184.01,Capa Comum,4.6,90,496,Ingles,Wiley; 1ª edição (4 dezembro 2018),,04/12/2018,825
A First Course in Bayesian Statistical Methods,359.19,Capa Comum,4,35,284,Ingles,Springer; Softcover reprint of hardcover 1st ed. 2009 edição (19 novembro 2010),15.49 x 1.63 x 23.5 cm,19/11/2010,3762
A Hands-On Introduction to Data Science,326.67,Capa dura,4.9,26,424,Ingles,Cambridge University Press (2 abril 2020),19.56 x 2.54 x 25.4 cm,02/04/2020,340
A Human's Guide to Machine Intelligence: How Algorithms Are Shaping Our Lives and How We Can Stay in Control,90.56,Capa Comum,4.7,46,272,Ingles,Penguin Books; Illustrated edição (10 março 2020),13.89 x 1.75 x 21.29 cm,10/03/2020,363
A Student's Guide to Bayesian Statistics,369.77,Capa Comum,4.6,140,522,Ingles,SAGE Publications Ltd; 1ª edição (28 abril 2018),18.9 x 2.67 x 24.61 cm,28/04/2018,1045
Ada Plus Data Structures: An Object Oriented Approach,784.62,Capa Comum,3.7,7,900,Ingles,Jones & Bartlett Learning; 2ª edição (18 agosto 2006),19.56 x 3.56 x 22.86 cm,18/08/2006,5316
Advanced Analytics in Power BI with R and Python: Ingesting. Transforming. Visualizing,225.86,Capa Comum,4.4,8,391,Ingles,Apress; 1st ed. edição (13 outubro 2020),17.81 x 2.54 x 25.4 cm,13/10/2020,146
Advanced R. Second Edition,422.58,Capa Comum,4.8,85,604,Ingles,Chapman and Hall/CRC; 2ª edição (30 maio 2019),15.49 x 3.05 x 23.37 cm,30/05/2019,648
Advances in Artificial Intelligence. Computation. and Data Science: For Medicine and Life Science,1120.4,Capa dura,,,406,Ingles,Springer; 1st ed. 2021 edição (27 junho 2021),,27/06/2021,-111
Advances in Data Science and Analytics,1222.13,Capa dura,,,350,Ingles,Wiley-Scrivener; 1ª edição (2 agosto 2022),,02/08/2022,-512
Agile Data Science. 2.0: Building Full-Stack Data Analytics Applications with Spark,314.71,Capa Comum,4,26,352,Ingles,O?Reilly; new edition (13 junho 2017),17.8 x 1.86 x 23.3 cm,13/06/2017,1364
Agile Data Warehouse Design: Collaborative Dimensional Modeling. from Whiteboard to Star Schema,200,Capa Comum,4.7,105,304,Ingles,Decisionone Consulting (24 novembro 2011),20.32 x 1.88 x 25.4 cm,24/11/2011,3392
AI and Machine Learning for Coders: A Programmer's Guide to Artificial Intelligence,316.66,Capa Comum,4.8,23,300,Ingles,O?Reilly (30 novembro 2020),17.81 x 2.69 x 23.29 cm,30/11/2020,98
AI at War: How Big Data Artificial Intelligence and Machine Learning Are Changing Naval Warfare,284.42,Capa dura,,,464,Ingles,US Naval Institute Press (15 abril 2021),,15/04/2021,-38
Algebrista Volume 1 Teoria e Exercícios de Fixação,164.47,Capa Comum,4.8,41,704,Portugues,Ciencia Moderna; 1ªª edição (9 setembro 2020),24.4 x 17.2 x 3.8 cm,09/09/2020,180
Algorithm Design with Haskell,416.96,Capa dura,4.9,15,450,Ingles,Cambridge University Press (9 julho 2020),17.78 x 2.79 x 25.15 cm,09/07/2020,242
Algorithmic and High-Frequency Trading,336.3,Capa dura,4.1,43,356,Ingles,Cambridge University Press (6 agosto 2015),,06/08/2015,2041
Algorithmic Governance and Governance of Algorithms: Legal and Ethical Challenges: 1,653.06,Capa dura,,,167,Ingles,Springer; 1st ed. 2021 edição (9 outubro 2020),15.6 x 1.12 x 23.39 cm,09/10/2020,150
Algorithms Illuminated (Part 1): The Basics (1),93,Capa Comum,4.6,208,220,Ingles,Soundlikeyourself Publishing. LLC; Illustrated edição (27 setembro 2017),15.24 x 1.27 x 22.86 cm,27/09/2017,1258
Algorithms Illuminated (Part 2): Graph Algorithms and Data Structures (2),84.53,Capa Comum,4.6,128,222,Ingles,Soundlikeyourself Publishing. LLC; Illustrated edição (8 agosto 2018),15.24 x 1.27 x 22.86 cm,08/08/2018,943
Algorithms Illuminated (Part 3): Greedy Algorithms and Dynamic Programming (3),109.05,Capa Comum,4.7,116,230,Ingles,Soundlikeyourself Publishing. LLC; Illustrated edição (9 maio 2019),15.24 x 1.32 x 22.86 cm,09/05/2019,669
An Introduction to Categorical Data Analysis,847.7,Capa dura,4.3,31,400,Ingles,Wiley; 3ª edição (22 janeiro 2019),17.78 x 2.77 x 25.4 cm,22/01/2019,776
An Introduction to Statistical Learning: with Applications in R,616.2,Capa dura,,,436,Ingles,Springer; 2nd ed. 2021 edição (21 maio 2021),,21/05/2021,-74
An Introduction to Statistical Thermodynamics,92.36,Capa Comum,4.7,67,544,Ingles,Dover Publications; Revised ed. edição (1 janeiro 1987),13.97 x 3.05 x 21.34 cm,01/01/1987,12485
Análise de Dados com Python e Pandas,76.18,Capa Comum,4.8,50,432,Portugues,Novatec Editora; 1ª edição - 2018 (1 outubro 2018),23.2 x 16.8 x 2 cm,01/10/2018,889
Análise de Dados Financeiros e Econômicos com o R,109.13,Capa Comum,,,,Portugues,Independently Published (15 fevereiro 2021),17.78 x 2.59 x 25.4 cm,15/02/2021,21
Análise de Séries Temporais em R: Curso Introdutório,82.15,Capa Comum,4.5,58,264,Portugues,GEN Atlas; 1ª edição (23 outubro 2017),23 x 14.8 x 1.4 cm,23/10/2017,1232
Análise e Exploração de Dados com R,250,Capa Comum,4.6,9,376,Portugues,FCA; 1ª edição (1 janeiro 2017),,01/01/2017,1527
Analítica de Dados com Hadoop: Uma Introdução Para Cientistas de Dados,64.12,Capa Comum,4.7,34,352,Portugues,Novatec Editora; 1ª edição (13 setembro 2016),23.4 x 16.4 x 1.6 cm,13/09/2016,1637
Analysis Techniques for Racecar Data Acquisition. Second Edition,770.41,Capa dura,4.7,23,536,Ingles,SAE International; Illustrated edição (24 fevereiro 2014),20.32 x 4.14 x 25.4 cm,24/02/2014,2569
Analytical Skills for AI and Data Science: Building Skills for an Ai-Driven Enterprise,,Capa Comum,4.1,10,275,Ingles,O?Reilly; Illustrated edição (30 junho 2020),17.53 x 1.02 x 23.11 cm,30/06/2020,251
Analytics in a Big Data World: The Essential Guide to Data Science and Its Applications,422.98,Capa dura,4.1,36,232,Ingles,John Wiley & Sons; 1ª edição (19 maio 2014),15.24 x 1.96 x 22.86 cm,19/05/2014,2485
Analytics of Life: Making Sense of Data Analytics. Machine Learning & Artificial Intelligence,104.5,Capa Comum,4,33,348,Ingles,Independently Published (10 dezembro 2019),15.24 x 2.21 x 22.86 cm,10/12/2019,454
Applications of Machine Learning in Big-Data Analytics and Cloud Computing,777.18,Capa dura,,,300,Ingles,River Publishers (30 abril 2021),15.24 x 22.86 cm,30/04/2021,-53
Applied DAX with Power BI: From zero to hero with 15-minute lessons,187.61,Capa Comum,4.4,15,222,Ingles,Prologika (10 maio 2019),19.05 x 1.27 x 23.5 cm,10/05/2019,668
Applied Spatial Statistics and Econometrics: Data Analysis in R,498.72,Capa Comum,5,1,620,Ingles,Routledge; 1ª edição (26 novembro 2020),21.59 x 3.18 x 28.58 cm,26/11/2020,102
Applied Survey Data Analysis,308.99,Capa Comum,4.9,11,590,Ingles,Chapman and Hall/CRC; 2ª edição (18 dezembro 2020),15.6 x 3.4 x 23.4 cm,18/12/2020,80
Aprendizado de Máquina Para Leigos,62.89,Capa Comum,4.5,19,432,Portugues,Editora Alta Books; 1ª edição (8 outubro 2019),24.13 x 16.51 x 2.03 cm,08/10/2019,517
Artificial Intelligence Engines: A Tutorial Introduction to the Mathematics of Deep Learning,150.77,Capa Comum,4.4,37,218,Ingles,Sebtel Press; Illustrated edição (1 abril 2019),15.24 x 1.24 x 22.86 cm,01/04/2019,707
Artificial Intelligence for Humans. Volume 3: Deep Learning and Neural Networks,192.84,Capa Comum,3.9,52,374,Ingles,Createspace Independent Publishing Platform (28 outubro 2015),19.05 x 2.16 x 23.5 cm,28/10/2015,1958
Artificial Intelligence in Sport Performance Analysis,251.82,Capa Comum,,,220,Ingles,Routledge; 1ª edição (21 abril 2021),,21/04/2021,-44
Artificial Intelligence: A Modern Approach,1087.71,Capa dura,4.6,156,1136,Ingles,Pearson; 4ª edição (28 abril 2020),10 x 10 x 10 cm,28/04/2020,314
Audit Analytics: Data Science for the Accounting Profession,810,Capa Comum,,,351,Ingles,Springer; 1st ed. 2020 edição (15 dezembro 2020),21.01 x 2.08 x 27.89 cm,15/12/2020,83
Automate the Boring Stuff with Python. 2nd Edition: Practical Programming for Total Beginners,177.44,Capa Comum,4.7,1170,592,Ingles,No Starch Press; 1ª edição (12 novembro 2019),17.63 x 3.51 x 23.5 cm,12/11/2019,482
Azure Storage. Streaming. and Batch Analytics: A guide for data engineers,374.67,Capa Comum,4.6,3,448,Ingles,Manning Publications; 1ª edição (3 novembro 2020),18.73 x 1.78 x 23.5 cm,03/11/2020,125
Bandit Algorithms,329.88,Capa dura,4.8,6,536,Ingles,Cambridge University Press (16 julho 2020),18.29 x 3.3 x 25.15 cm,16/07/2020,235
Basketball Data Science: With Applications in R,431.18,Capa Comum,4.3,8,243,Ingles,Chapman and Hall/CRC; 1ª edição (14 janeiro 2020),15.49 x 1.52 x 23.37 cm,14/01/2020,419
Bayesian Data Analysis in Ecology Using Linear Models with R. BUGS. and Stan,484.23,Capa Comum,4.6,3,328,Ingles,Academic Press; 1ª edição (23 abril 2015),,23/04/2015,2146
Bayesian Data Analysis. Third Edition: 106,512.67,Capa dura,4.7,149,675,Ingles,CRC Press; 3ª edição (7 novembro 2013),17.8 x 3.65 x 25.4 cm,07/11/2013,2678
Bayesian Methods for Hackers: Probabilistic Programming and Bayesian Inference,253.74,Capa Comum,4.4,75,256,Ingles,Addison-Wesley Professional; 1ª edição (2 outubro 2015),17.53 x 1.27 x 22.61 cm,02/10/2015,1984
Bayesian Statistical Methods,620.49,Capa dura,2.9,5,290,Ingles,Chapman and Hall/CRC; 1ª edição (16 abril 2019),15.6 x 1.75 x 23.39 cm,16/04/2019,692
Beginning Mathematica and Wolfram for Data Science: Applications in Data Analysis. Machine Learning. and Neural Networks,464,Capa Comum,,,439,Ingles,Apress; 1st ed. edição (3 fevereiro 2021),17.81 x 2.64 x 25.4 cm,03/02/2021,33
Beginning Programming All-In-One Desk Reference for Dummies,158.47,Capa Comum,4.5,349,696,Ingles,Wiley Publishing; 1ª edição (1 junho 2008),18.54 x 4.32 x 22.86 cm,01/06/2008,4663
Better Data Visualizations – A Guide for Scholars. Researchers. and Wonks,153.12,Capa Comum,4.5,9,320,Ingles,Columbia University Press (9 fevereiro 2021),17.53 x 2.79 x 22.61 cm,09/02/2021,27
Big Data Analytics in Earth. Atmospheric and Ocean Sciences,1031.75,Capa dura,,,400,Ingles,American Geophysical Union; 1ª edição (23 fevereiro 2022),,23/02/2022,-352
Big Data and Machine Learning in Quantitative Investment,326.78,Capa dura,4.4,27,296,Ingles,Wiley; 1ª edição (15 fevereiro 2019),17.53 x 2.03 x 24.89 cm,15/02/2019,752
Big Data and Social Science: A Practical Guide to Methods and Tools: 25,376.71,Capa dura,5,6,376,Ingles,Chapman and Hall/CRC; 1ª edição (9 agosto 2016),,09/08/2016,1672
Big Data Management: Data Governance Principles for Big Data Analytics,396.56,Capa Comum,,,174,Ingles,de Gruyter (9 novembro 2020),16.99 x 0.94 x 24.41 cm,09/11/2020,119
Big Data MBA: Driving Business Strategies with Data Science,195.17,Capa Comum,4.4,28,320,Ingles,Wiley; 1ª edição (2 fevereiro 2016),,02/02/2016,1861
Big Data Para Leigos,62.37,Capa Comum,3.6,14,328,Portugues,Editora Alta Books; 1ª edição (28 dezembro 2015),23.8 x 17.2 x 1.4 cm,28/12/2015,1897
Big Data Science & Analytics: A Hands-On Approach,,Capa Comum,3.7,13,,Ingles,Vpt (15 abril 2016),,15/04/2016,1788
Big Data Science in Finance,596.5,Capa dura,,,336,Ingles,Wiley; 1ª edição (23 março 2021),18.54 x 2.54 x 25.91 cm,23/03/2021,-15
Big Data. Big Dupe: A little book about a big bunch of nonsense,67.58,Capa Comum,4.4,33,96,Ingles,Analytics Press (1 fevereiro 2018),15.24 x 1.02 x 22.86 cm,01/02/2018,1131
Big Data: A Guide to Big Data Trends. Artificial Intelligence. Machine Learning. Predictive Analytics. Internet of Things. Data Science. Data Analytics. Business Intelligence. and Data Mining,103.84,Capa Comum,4.4,10,98,Ingles,Independently Published (28 setembro 2019),15.24 x 0.61 x 22.86 cm,28/09/2019,527
Big Data: A Very Short Introduction,59.08,Capa Comum,4.3,41,152,Ingles,OUP Oxford; Illustrated edição (23 novembro 2017),17.27 x 11.43 x 1.27 cm,23/11/2017,1201
Big Data: Principles and Best Practices of Scalable Realtime Data Systems,424.32,Capa Comum,4.2,61,328,Ingles,,,10/05/2015,2129
Biostatistics for Dummies,112.12,Capa Comum,4.4,229,408,Ingles,For Dummies; 1ª edição (29 julho 2013),18.54 x 2.79 x 23.11 cm,29/07/2013,2779
Bitcoin and Cryptocurrency Technologies – A Comprehensive Introduction,358.53,Capa dura,4.5,100,336,Ingles,Princeton University Press; Illustrated edição (9 agosto 2016),18.03 x 2.79 x 25.65 cm,09/08/2016,1672
Blockchain and Clinical Trial: Securing Patient Data,899.01,Capa dura,,,267,Ingles,Springer; 1st ed. 2019 edição (9 abril 2019),16.41 x 1.88 x 23.85 cm,09/04/2019,699
Blockchain and the Law – The Rule of Code,108.98,Capa Comum,4.5,44,312,Ingles,Harvard University Press; Reprint edição (27 setembro 2019),13.72 x 2.29 x 20.83 cm,27/09/2019,528
Build A Career in Data Science,289.23,Capa Comum,4.8,28,354,Ingles,Manning Publications; 1ª edição (15 junho 2020),18.73 x 2.03 x 23.5 cm,15/06/2020,266
Building a Modern Data Platform: Pursuit of Modern Big Data Systems,1137.24,Capa dura,,,400,Ingles,Wiley; 1ª edição (31 agosto 2021),,31/08/2021,-176
Building Machine Learning Powered Applications: Going from Idea to Product,333.17,Capa Comum,4.4,79,250,Ingles,O?Reilly (31 janeiro 2020),17.78 x 1.4 x 23.34 cm,31/01/2020,402
Building Microservices: Designing Fine-Grained Systems,261.8,Capa Comum,4.5,544,280,Ingles,O'Reilly Media; 1ª edição (20 fevereiro 2015),17.8 x 1.49 x 23.3 cm,20/02/2015,2208
Business Data Science: Combining Machine Learning and Economics to Optimize. Automate. and Accelerate Business Decisions,181.52,Capa dura,4.4,79,352,Ingles,McGraw-Hill Education; 1ª edição (21 agosto 2019),3.02 x 18.73 x 23.5 cm,21/08/2019,565
Business Intelligence. Analytics. and Data Science: A Managerial Perspective,866.51,Capa Comum,4.5,143,512,Ingles,Pearson; 4ª edição (13 janeiro 2017),24.89 x 19.81 x 1.78 cm,13/01/2017,1515
Business Intelligence: The Ultimate Guide to BI. Artificial Intelligence. Machine Learning. Big Data. Cybersecurity. Data Science. and Predictive Analytics,110.71,Capa Comum,3.8,4,198,Ingles,Independently Published (13 janeiro 2020),15.24 x 1.24 x 22.86 cm,13/01/2020,420
Calling Bullshit: The Art of Skepticism in a Data-Driven World,168.65,Capa dura,4.6,483,336,Ingles,Random House; Illustrated edição (4 agosto 2020),16.51 x 2.79 x 24.23 cm,04/08/2020,216
Causal Inference in Statistics: A Primer,289.12,Capa Comum,4.6,124,156,Ingles,Wiley; 1ª edição (4 março 2016),16.76 x 1.52 x 24.13 cm,04/03/2016,1830
Causality and Modern Science: Third Revised Edition,84.58,Capa Comum,5,13,448,Ingles,Dover Publications; 3rd Revised edition (2 novembro 2011),14.48 x 2.11 x 20.93 cm,02/11/2011,3414
Ciência dos Dados nas Organizações. Aplicações em Python,,Capa Comum,4,2,336,Portugues,FCA; 1ª edição (19 dezembro 2017),,19/12/2017,1175
Ciência e Engenharia de Materiais - Uma Introdução,264.5,Capa Comum,4.9,85,912,Portugues,LTC; 9ª edição (26 julho 2016),27.8 x 20.6 x 4 cm,26/07/2016,1686
Clinical Prediction Models: A Practical Approach to Development. Validation. and Updating,373.07,Capa Comum,4.3,7,594,Ingles,Springer; 2nd ed. 2019 edição (14 agosto 2020),15.6 x 3.05 x 23.39 cm,14/08/2020,206
Collect. Combine. and Transform Data Using Power Query in Excel and Power BI,201.69,Capa Comum,4.6,228,432,Ingles,Microsoft Press; 1ª edição (25 outubro 2018),18.92 x 3.05 x 22.61 cm,25/10/2018,865
Community Ecology: Analytical Methods Using R and Excel,605,Capa Comum,4.2,13,556,Ingles,Pelagic Publishing (1 fevereiro 2014),16.99 x 2.92 x 24.41 cm,01/02/2014,2592
Como Máquinas Aprendem: ... Fundamentos E Algoritmos de Machine Learning. Redes Neurais E Deep Learning,154.67,Capa Comum,3.8,7,664,Portugues,Independently Published (7 outubro 2018),15.24 x 4.22 x 22.86 cm,07/10/2018,883
Competing on Analytics: Updated. with a New Introduction: The New Science of Winning,167,Capa dura,4.5,115,,Ingles,Harvard Business Review Press; Revised edição (19 setembro 2017),,19/09/2017,1266
Computer Age Statistical Inference. Student Edition: Algorithms. Evidence. and Data Science: 6,225.33,Capa Comum,,,510,Ingles,Cambridge University Press (30 junho 2021),,30/06/2021,-114
Computer Age Statistical Inference: Algorithms. Evidence. and Data Science: 5,506.32,Capa dura,4.7,47,495,Ingles,Cambridge University Press (21 julho 2016),15.75 x 2.79 x 23.62 cm,21/07/2016,1691
Computer Science Distilled: Learn the Art of Solving Computational Problems,124.89,Capa Comum,4.4,448,180,Ingles,Code Energy LLC (17 janeiro 2017),13.97 x 1.24 x 21.59 cm,17/01/2017,1511
Computer Vision: Algorithms and Applications,373.47,Capa dura,4.3,64,812,Ingles,Springer; 2011ª edição (19 outubro 2010),22.61 x 3.81 x 28.7 cm,19/10/2010,3793
Computing Skills for Biologists – A Toolbox,264.49,Capa Comum,4.8,6,440,Ingles,Princeton University Press (8 janeiro 2019),20.32 x 3.05 x 25.15 cm,08/01/2019,790
Concrete Mathematics: A Foundation for Computer Science,505.88,Capa dura,4.6,116,672,Ingles,Addison-Wesley Professional; 2ª edição (10 março 1994),23.83 x 19.86 x 3.66 cm,10/03/1994,9860
Constructing Grounded Theory,357.05,Capa Comum,4.8,196,416,Ingles,Sage Publications Ltd; 2ª edição (9 abril 2014),,09/04/2014,2525
Countdown to Zero Day: Stuxnet and the Launch of the World's First Digital Weapon,85.58,Capa Comum,4.7,582,,Ingles,Broadway Books; Reprint edição (1 setembro 2015),,01/09/2015,2015
Cracking the Coding Interview: 189 Programming Questions and Solutions,214.44,Capa Comum,4.6,4337,708,Ingles,CareerCup; 6ª edição (1 julho 2015),,01/07/2015,2077
Creating a Data-Driven Organization: Practical Advice from the Trenches,216.2,Capa Comum,4.4,36,240,Ingles,O'Reilly Media; 1ª edição (14 agosto 2015),15.2 x 1.61 x 22.9 cm,14/08/2015,2033
Cribsheet: A Data-Driven Guide to Better. More Relaxed Parenting. from Birth to Preschool: 2,88.93,Capa Comum,4.8,670,352,Ingles,Penguin Books; Illustrated edição (21 abril 2020),13.97 x 1.78 x 21.34 cm,21/04/2020,321
Cultural Analytics,268.06,Capa dura,4.4,8,336,Ingles,The MIT Press (20 outubro 2020),18.75 x 2.54 x 23.65 cm,20/10/2020,139
Customer Data and Privacy: The Insights You Need from Harvard Business Review,130.22,Capa Comum,,,176,Ingles,Harvard Business Review Press (22 setembro 2020),13.97 x 1.91 x 20.32 cm,22/09/2020,167
Cyber Republic: Reinventing Democracy in the Age of Intelligent Machines,133.15,Capa dura,,,176,Ingles,The MIT Press; Illustrated edição (22 setembro 2020),16.03 x 1.75 x 23.65 cm,22/09/2020,167
Dark Data – Why What You Don?t Know Matters,167.75,Capa dura,4.5,19,344,Ingles,Princeton University Press; Illustrated edição (3 janeiro 2020),14.73 x 3.3 x 21.84 cm,03/01/2020,430
Data Action: Using Data for Public Good,274.94,Capa dura,4.7,11,312,Ingles,The MIT Press (8 dezembro 2020),23.5 x 2.26 x 26.04 cm,08/12/2020,90
Data Analysis with Microsoft Power BI,231.64,Capa Comum,3.2,6,544,Ingles,McGraw-Hill Education; 1ª edição (27 dezembro 2019),23.2 x 18.5 x 2.7 cm,27/12/2019,437
Data Analysis with Mplus,355.82,Capa Comum,4.7,29,305,Ingles,Guilford Publications; 1ª edição (14 novembro 2012),,14/11/2012,3036
Data Analysis: A Bayesian Tutorial,348.41,Capa Comum,4.6,46,246,Ingles,Oxford University Press. USA; 2ª edição (1 julho 2006),23.22 x 19.2 x 1.45 cm,01/07/2006,5364
Data Analytics for Internal Auditors,406.65,Capa Comum,5,8,440,Ingles,Auerbach Publications; 1ª edição (30 setembro 2020),15.49 x 2.54 x 23.11 cm,30/09/2020,159
Data Analytics: A Small Data Approach,496.5,Capa dura,,,276,Ingles,Chapman and Hall/CRC; 1ª edição (16 abril 2021),,16/04/2021,-39
Data and Goliath – The Hidden Battles to Collect Your Data and Control Your World,80.97,Capa Comum,4.5,274,448,Ingles,W. W. Norton & Company; Reprint edição (8 março 2016),13.97 x 3.05 x 21.08 cm,08/03/2016,1826
Data Breaches: Crisis and Opportunity,279.99,Capa Comum,5,13,464,Ingles,Addison-Wesley Professional; 1ª edição (16 outubro 2019),17.78 x 3.18 x 23.11 cm,16/10/2019,509
Data Driven Business Transformation: How to Disrupt. Innovate and Stay Ahead of the Competition,147.93,Capa dura,4.3,45,288,Ingles,Wiley; 1ª edição (12 abril 2019),15.75 x 2.29 x 23.11 cm,12/04/2019,696
Data Engineering and Intelligent Computing: Proceedings of ICICC 2020: 1,1574.44,Capa Comum,,,535,Ingles,Springer; 1st ed. 2021 edição (17 junho 2021),,17/06/2021,-101
Data Lake Architecture: Designing the Data Lake and Avoiding the Garbage Dump,147.91,Capa Comum,3.2,35,168,Ingles,Technics Publications; 1ªª edição (29 abril 2016),15.24 x 0.97 x 22.86 cm,29/04/2016,1774
Data Mining: Concepts and Techniques,550.46,Capa dura,4.3,146,703,Ingles,Morgan Kaufmann Publishers; 3ª edição (6 julho 2011),,06/07/2011,3533
Data Mining: Practical Machine Learning Tools and Techniques,429.51,Capa Comum,4.2,72,654,Ingles,Morgan Kaufmann; 4ª edição (1 dezembro 2016),18.8 x 2.79 x 23.37 cm,01/12/2016,1558
Data Points: Visualization That Means Something,182.58,Capa Comum,4.4,82,300,Ingles,John Wiley & Sons; 1ª edição (15 abril 2013),18.54 x 1.78 x 22.86 cm,15/04/2013,2884
Data Science,85.96,Capa Comum,4.5,210,280,Ingles,MIT Press; Illustrated edição (18 maio 2018),,18/05/2018,1025
Data Science and Analytics with Python,808.85,Capa dura,4.5,2,400,Ingles,Chapman and Hall/CRC; 1ª edição (26 dezembro 2017),20.32 x 2.54 x 24.77 cm,26/12/2017,1168
Data Science and Analytics: 5th International Conference on Recent Developments in Science. Engineering and Technology. REDSET 2019. Gurugram. India. ... 2019. Revised Selected Papers. Part II: 1230,593.47,Capa Comum,,,480,Ingles,Springer; 1st ed. 2020 edição (28 maio 2020),15.6 x 2.46 x 23.39 cm,28/05/2020,284
Data Science and Big Data Analytics in Smart Environments,957.9,Capa dura,,,275,Ingles,CRC Press; 1ª edição (15 julho 2021),,15/07/2021,-129
Data Science and Big Data Analytics: Discovering. Analyzing. Visualizing and Presenting Data,388.98,Capa dura,4.5,82,432,Ingles,Wiley; 1ª edição (17 março 2015),18.54 x 2.54 x 23.88 cm,17/03/2015,2183
Data Science and Data Analytics: Opportunities and Challenges,1012.18,Capa dura,,,496,Ingles,Chapman and Hall/CRC; 1ª edição (20 agosto 2021),,20/08/2021,-165
Data Science and Its Applications,1239.63,Capa dura,,,408,Ingles,Chapman and Hall/CRC; 1ª edição (5 agosto 2021),,05/08/2021,-150
Data Science Applied to Sustainability Analysis,983.18,Capa Comum,,,300,Ingles,Elsevier; 1ª edição (15 maio 2021),19.05 x 23.5 cm,15/05/2021,-68
Data Science at Scale with Python and Dask,347.5,Capa Comum,4.4,8,296,Ingles,Manning Publications; 1ª edição (4 outubro 2019),18.75 x 1.52 x 23.5 cm,04/10/2019,521
Data Science at the Command Line: Obtain. Scrub. Explore. and Model Data with Unix Power Tools,337.34,Capa Comum,,,250,Ingles,O'Reilly Media; 2nd ed. edição (19 outubro 2021),17.78 x 23.34 cm,19/10/2021,-225
Data Science Bookcamp: Five Python Projects,337.34,Capa Comum,,,600,Ingles,Manning Publications; 1ª edição (30 setembro 2021),,30/09/2021,-206
Data Science Concepts and Techniques with Applications,530.37,Capa dura,,,196,Ingles,Springer; 1st ed. 2020 edição (9 junho 2020),19.56 x 1.27 x 23.88 cm,09/06/2020,272
Data Science Design Patterns,,Capa dura,,,512,Ingles,Addison-Wesley Professional; 1ª edição (13 agosto 2020),1 x 1 x 1 cm,13/08/2020,207
Data Science do Zero: Primeiras Regras com o Python,48.99,Capa Comum,4.5,409,336,Portugues,,,27/06/2016,1715
Data Science for Business and Decision Making,1102.97,Capa Comum,5,2,1244,Ingles,Academic Press; 1ª edição (6 maio 2019),21.59 x 6.1 x 27.43 cm,06/05/2019,672
Data Science for Business and Decision Making: An Introductory Text for Students and Practitioners,927.83,Capa dura,,,198,Ingles,Arcler Press (1 novembro 2020),15.88 x 1.91 x 23.5 cm,01/11/2020,127
Data Science for Business: What You Need to Know about Data Mining and Data-Analytic Thinking,262.22,Capa Comum,4.5,594,384,Ingles,O'Reilly Media; 1ª edição (19 agosto 2013),17.78 x 2.29 x 23.34 cm,19/08/2013,2758
Data Science For Dummies,147.87,Capa Comum,4.4,116,384,Ingles,,,31/03/2017,1438
Data Science for Fake News: Surveys and Perspectives: 42,1493.74,Capa dura,,,317,Ingles,Springer; 1st ed. 2020 edição (28 janeiro 2021),,28/01/2021,39
Data Science for Healthcare: Methodologies and Applications,637.5,Capa dura,2.5,2,380,Ingles,Springer; 1st ed. 2019 edição (7 março 2019),15.6 x 2.77 x 23.4 cm,07/03/2019,732
Data Science for Nano Image Analysis: 308,787.19,Capa dura,,,,Ingles,Springer; 1st ed. 2021 edição (3 julho 2021),,03/07/2021,-117
Data Science for Public Policy,449.8,Capa dura,,,367,Ingles,Springer; 1st ed. 2021 edição (11 junho 2021),15.49 x 23.5 cm,11/06/2021,-95
Data Science for Supply Chain Forecast,61.57,Capa Comum,4.2,52,238,Ingles,Independently Published (12 novembro 2018),15.24 x 1.37 x 22.86 cm,12/11/2018,847
Data Science for Supply Chain Forecasting,358.72,Capa Comum,,,310,Ingles,de Gruyter; 2nd ed. edição (22 março 2021),16.99 x 24 cm,22/03/2021,-14
Data Science Foundations Tools and Techniques: Core Skills for Quantitative Analysis with R and Git,308.61,Capa Comum,4.6,23,384,Ingles,Addison-Wesley Professional; 1ª edição (28 novembro 2018),1.52 x 17.78 x 22.86 cm,28/11/2018,831
Data Science from Scratch 2e: First Principles with Python,272.63,Capa Comum,4.5,328,500,Ingles,O?Reilly; 2nd ed. edição (30 abril 2019),17.53 x 2.29 x 23.11 cm,30/04/2019,678
Data Science from Scratch: First Principles with Python,385.65,Capa Comum,4.3,223,330,Ingles,O'Reilly Media; 1ª edição (30 abril 2015),17.8 x 1.75 x 23.3 cm,30/04/2015,2139
Data Science in Theory and Practice: Techniques for Big Data Analytics and Complex Data Sets,1116.17,Capa dura,,,700,Ingles,Wiley; 1ª edição (29 junho 2021),,29/06/2021,-113
Data Science na Educação: Presencial. a Distância e Corporativa,48.89,Capa Comum,4.9,12,224,Portugues,Saraiva Uni; 1ª edição (24 novembro 2020),17 x 0.3 x 24 cm,24/11/2020,104
Data Science on Aws: Implementing End-To-End. Continuous AI and Machine Learning Pipelines,393.57,Capa Comum,,,500,Ingles,O'Reilly Media (4 maio 2021),17.78 x 23.34 cm,04/05/2021,-57
Data Science on the Google Cloud Platform: Implementing End-To-End Real-Time Data Pipelines: From Ingest to Machine Learning,426,Capa Comum,4.3,39,400,Ingles,O?Reilly (5 janeiro 2018),17.8 x 2.13 x 23.3 cm,05/01/2018,1158
Data Science Para Leigos,55.9,Capa Comum,3.9,19,384,Portugues,Editora Alta Books; 1ª edição (10 maio 2019),23.8 x 16.8 x 1.8 cm,10/05/2019,668
Data Science Para Negócios,61.9,Capa Comum,4.7,345,404,Portugues,Editora Alta Books; 1ª edição (22 março 2016),23.8 x 17 x 2 cm,22/03/2016,1812
Data Science Para Profissionais. Utilizando R,59.25,Capa Comum,4.1,12,288,Portugues,Ciência Moderna; 1ª edição (31 dezembro 1969),22.61 x 15.75 x 1.27 cm,31/12/1969,18695
Data Science Para Programadores. Um Guia Completo Utilizando a Linguagem Python,51.44,Capa Comum,3.4,4,256,Portugues,Irh Press do Brasil; 1ª edição (1 janeiro 2018),22.4 x 15.2 x 1.6 cm,01/01/2018,1162
Data Science Projects with Python: A case study approach to successful data science projects using Python. pandas. and scikit-learn,313.92,Capa Comum,4.4,61,374,Ingles,Packt Publishing (30 abril 2019),19.05 x 2.16 x 23.5 cm,30/04/2019,678
Data Science with Java: Practical Methods for Scientists and Engineers,317.34,Capa Comum,3.3,6,236,Ingles,O?Reilly; 1ª edição (16 junho 2017),17.8 x 1.26 x 23.3 cm,16/06/2017,1361
Data Science with Julia,426.91,Capa Comum,3.4,7,240,Ingles,Chapman and Hall/CRC; 1ª edição (11 janeiro 2019),13.97 x 1.27 x 20.96 cm,11/01/2019,787
Data Science. Human Science. and Ancient Gods: Conversations in Theory and Method: 3,571.42,Capa dura,,,300,Ingles,Lockwood Press (15 dezembro 2021),15.19 x 22.81 cm,15/12/2021,-282
DATA SCIENCE: 3 Book in 1 - Beginner's Guide to Learn the Realms Of Data Science + Tips and Tricks to Learn The Theories Effectively+ Advanced Method Strategies For Business,171.81,Capa Comum,,,526,Ingles,Joiningthedotstv Limited (10 junho 2020),15.19 x 2.69 x 22.91 cm,10/06/2020,271
Data Science: Best practices mit Python,283.17,Capa dura,,,,Alemao,Springer Vieweg; 1. Aufl. 2021 edição (4 julho 2021),,04/07/2021,-118
Data Science: Create Teams That Ask the Right Questions and Deliver Real Value,447.21,Capa Comum,4,6,276,Ingles,Apress; 1st ed. edição (18 novembro 2016),,18/11/2016,1571
Data Science: The Executive Summary - A Technical Book for Non-Technical Professionals,489.8,Capa dura,,,208,Ingles,Wiley; 1ª edição (18 fevereiro 2021),14.73 x 1.78 x 22.86 cm,18/02/2021,18
Data Sketches: A journey of imagination. exploration. and beautiful data visualizations,280.88,Capa Comum,5,1,428,Ingles,A K Peters/CRC Press; 1ª edição (9 fevereiro 2021),23.5 x 3.81 x 27.31 cm,09/02/2021,27
Data Smart: Usando Data Science Para Transformar Informação em Insight,67.19,Capa Comum,4.3,46,448,Portugues,Editora Alta Books; 1ª edição (19 outubro 2016),24 x 16.8 x 2.2 cm,19/10/2016,1601
Data Strategy: How to Profit from a World of Big Data. Analytics and the Internet of Things,172.13,Capa Comum,4.2,116,200,Ingles,Kogan Page; 1ª edição (3 abril 2017),,03/04/2017,1435
Data Structures & Algorithm Analysis in C++,258.57,Capa Comum,4.3,28,594,Ingles,Dover Publications; Third Edition (14 setembro 2011),17.53 x 3.3 x 25.4 cm,14/09/2011,3463
Data Structures & Algorithms in Kotlin,166.77,Capa Comum,,,,Ingles,Independently Published (16 julho 2020),21.59 x 2.92 x 27.94 cm,16/07/2020,235
Data Structures for Everyone: A Hand-Drawn Guide to Computer Science,177.29,Capa Comum,,,234,Ingles,No Starch Press (2 janeiro 2079),20 x 14 x 4 cm,02/01/1979,15406
Data Teams: A Unified Management Model for Successful Data-Focused Teams,,Capa Comum,4.9,10,320,Ingles,Apress; 1st ed. edição (19 setembro 2020),17.81 x 1.85 x 25.4 cm,19/09/2020,170
Data Technology in Materials Modelling,213.63,Capa Comum,,,104,Ingles,Springer; 1st ed. 2021 edição (12 abril 2021),15.49 x 23.5 cm,12/04/2021,-35
Data Visualisation: A Handbook for Data Driven Design,,Capa Comum,4.4,89,328,Ingles,SAGE Publishing Ltd; 2ª edição (7 agosto 2019),18.9 x 1.96 x 24.6 cm,07/08/2019,579
Data Visualization – A Practical Introduction,218.03,Capa Comum,4.6,124,296,Ingles,Princeton University Press (4 janeiro 2019),,04/01/2019,794
Data Visualization with Excel Dashboards and Reports,189.34,Capa Comum,,,352,Ingles,Wiley; 1ª edição (13 abril 2021),18.54 x 2.03 x 23.11 cm,13/04/2021,-36
Data Visualization: Principles and Practice: Principles and Practice. Second Edition,483.32,Capa dura,3.5,2,617,Ingles,AK Peters; 2ª edição (18 setembro 2014),,18/09/2014,2363
Data Wise: Guia para o Uso de Evidências na Educação,63.74,Capa clássica com blocagem,,,312,Portugues,Penso; 1ª edição (21 agosto 2020),22.8 x 15.6 x 1.8 cm,21/08/2020,199
Database Internals: A Deep Dive Into How Distributed Data Systems Work,263.31,Capa Comum,4.7,169,200,Ingles,O?Reilly (18 outubro 2019),17.53 x 1.78 x 23.37 cm,18/10/2019,507
Database Management Systems,326.99,Capa dura,4,104,1065,Ingles,McGraw-Hill Education; 3ª edição (14 agosto 2002),19.05 x 4.32 x 23.11 cm,14/08/2002,6781
Database Reliability Engineering: Designing and Operating Resilient Database Systems,277.1,Capa Comum,4.6,29,300,Ingles,O?Reilly; 1ª edição (7 novembro 2017),17.8 x 1.57 x 23.3 cm,07/11/2017,1217
Data-Driven Mining. Learning and Analytics for Secured Smart Cities: Trends and Advances,955.89,Capa dura,,,250,Ingles,Springer; 1st ed. 2021 edição (4 junho 2021),15.49 x 23.5 cm,04/06/2021,-88
Data-Driven Science and Engineering: Machine Learning. Dynamical Systems. and Control,459.95,Capa dura,4.7,101,492,Ingles,Cambridge University Press; Illustrated edição (28 fevereiro 2019),18.29 x 2.29 x 26.16 cm,28/02/2019,739
Deep Learning,85.02,Capa Comum,4.5,164,296,Ingles,MIT Press; Illustrated edição (6 setembro 2019),13.03 x 1.88 x 17.93 cm,06/09/2019,549
Deep Learning for Coders with fastai and PyTorch: AI Applications Without a PhD,285.38,Capa Comum,4.8,254,550,Ingles,O?Reilly (31 julho 2020),17.53 x 2.79 x 23.11 cm,31/07/2020,220
Deep Learning for Computer Vision: Expert techniques to train advanced neural networks using TensorFlow and Keras,313.99,Capa Comum,3.5,25,310,Ingles,Packt Publishing (23 janeiro 2018),19.05 x 1.78 x 23.5 cm,23/01/2018,1140
Deep Learning Illustrated: A Visual. Interactive Guide to Artificial Intelligence,311.11,Capa Comum,4.5,114,416,Ingles,Addison-Wesley Professional; 1ª edição (18 setembro 2019),17.78 x 2.41 x 22.99 cm,18/09/2019,537
Deep Learning with Python,227.69,Capa Comum,4.5,761,384,Ingles,Manning Publications; 1ª edição (10 janeiro 2018),,10/01/2018,1153
Deep Learning with R,237.19,Capa Comum,4.6,68,360,Ingles,Manning Publications; 1ª edição (5 abril 2018),,05/04/2018,1068
Deep Learning: A Practitioner's Approach,257.72,Capa Comum,4.4,51,536,Ingles,O?Reilly; 1ª edição (1 setembro 2017),17.78 x 2.72 x 23.34 cm,01/09/2017,1284
Descobrindo a Estatística Usando o SPSS,121.99,Capa Comum,4.8,39,688,Portugues,Penso; 2ª edição (23 março 2009),24.6 x 17.6 x 3.8 cm,23/03/2009,4368
Discovering Statistics Using R,791.92,Capa Comum,4.6,404,957,Ingles,Sage Publications (CA); 1ª edição (5 abril 2012),19.51 x 4.06 x 26.49 cm,05/04/2012,3259
Dive Into Algorithms: A Pythonic Adventure for the Intrepid Beginner,196.9,Capa Comum,,,248,Ingles,No Starch Press (25 janeiro 2021),17.78 x 1.6 x 23.5 cm,25/01/2021,42
Doing Data Science: Straight Talk from the Frontline,,Capa Comum,4.3,111,375,Ingles,O'Reilly Media; 1ª edição (3 novembro 2013),15.24 x 1.98 x 22.86 cm,03/11/2013,2682
Doing Math with Python: Use Programming to Explore Algebra. Statistics. Calculus. and More!,147.51,Capa Comum,4.4,86,272,Ingles,No Starch Press; 1ª edição (25 julho 2015),14 anos e acima,25/07/2015,2053
Effective Data Storytelling: How to Drive Change with Data. Narrative and Visuals,189.14,Capa dura,4.8,87,336,Ingles,Wiley; 1ª edição (23 janeiro 2020),15.75 x 2.29 x 23.37 cm,23/01/2020,410
Enabling Machine Learning Applications in Data Science: Proceedings of Arab Conference for Emerging Technologies 2020,1516.31,Capa dura,,,405,Ingles,Springer; 1st ed. 2021 edição (5 maio 2021),,05/05/2021,-58
End-to-End Data Science with SAS: A Hands-On Programming Guide,325.08,Capa Comum,4.6,3,380,Ingles,SAS Institute (30 junho 2020),19.05 x 2.18 x 23.5 cm,30/06/2020,251
Epidemics: Models and Data using R,420.97,Capa Comum,3.8,8,328,Ingles,Springer; 1st ed. 2018 edição (8 novembro 2018),15.49 x 1.88 x 23.5 cm,08/11/2018,851
Estatística aplicada: Análise Exploratória de Dados,40.99,Capa Comum,4.6,19,160,Portugues,Saraiva Uni; 1ª edição (29 novembro 2012),23.8 x 16.2 x 1.2 cm,29/11/2012,3021
Estatística Prática Para Cientistas de Dados: 50 Conceitos Essenciais,52.9,Capa Comum,4.5,234,392,Portugues,Editora Alta Books (1 julho 2019),23.8 x 16.8 x 1.6 cm,01/07/2019,616
Estatística Sem Matemática para Ciências da Saúde,77.65,Capa Comum,4.7,14,502,Portugues,Penso; 1ª edição (25 janeiro 2017),24.8 x 17.2 x 2 cm,25/01/2017,1503
Estatística: O que é. para que serve. como funciona,54.99,Capa Comum,4.8,355,328,Portugues,Zahar; 1ª edição (10 março 2016),22.8 x 14.8 x 2 cm,10/03/2016,1824
Exam Ref DP-100 Designing and Implementing a Data Science Solution on Azure,308.61,Capa Comum,,,240,Ingles,Microsoft Press; 1ª edição (3 setembro 2020),,03/09/2020,186
Experimentation Works: The Surprising Power of Business Experiments,145.78,Capa dura,4.5,49,288,Ingles,Harvard Business Review Press (18 fevereiro 2020),15.49 x 3.3 x 23.88 cm,18/02/2020,384
Extending the Linear Model with R: Generalized Linear. Mixed Effects and Nonparametric Regression Models. Second Edition: 124,725,Capa dura,4.1,19,,Ingles,Chapman and Hall/CRC; 2ª edição (24 março 2016),,24/03/2016,1810
Feature Engineering and Selection: A Practical Approach for Predictive Models,568.02,Capa dura,4.4,26,310,Ingles,Chapman and Hall/CRC; 1ª edição (2 agosto 2019),19.05 x 1.91 x 25.4 cm,02/08/2019,584
File System Forensic Analysis,424.38,Capa Comum,4.7,118,600,Ingles,Addison-Wesley Professional; 1ª edição (27 março 2005),17.78 x 3.56 x 23.37 cm,27/03/2005,5825
Foundational Python for Data Science,337.34,Capa Comum,,,,Ingles,Addison-Wesley; 1ª edição (28 junho 2021),,28/06/2021,-112
Foundations of Data Science,327.48,Capa dura,4.8,8,432,Ingles,Cambridge University Press (23 janeiro 2020),18.29 x 2.79 x 25.91 cm,23/01/2020,410
Foundations of Deep Reinforcement Learning: Theory and Practice in Python,308.61,Capa Comum,4.5,47,416,Ingles,Addison-Wesley Professional; 1ª edição (5 dezembro 2019),17.6 x 2.4 x 2.3 cm,05/12/2019,459
Fraud Analytics Using Descriptive. Predictive. and Social Network Techniques: A Guide to Data Science for Fraud Detection,189.94,Capa dura,4,39,400,Ingles,Wiley; 1ª edição (9 outubro 2015),15.75 x 3.81 x 23.11 cm,09/10/2015,1977
Fundamentals of Data Visualization: A Primer on Making Informative and Compelling Figures,348.5,Capa Comum,4.5,95,300,Ingles,O?Reilly (23 abril 2019),17.78 x 1.78 x 23.11 cm,23/04/2019,685
Fundamentals of Deep Learning: Designing Next-Generation Machine Intelligence Algorithms,229.43,Capa Comum,3.9,53,304,Ingles,O?Reilly; 1ª edição (7 julho 2017),,07/07/2017,1340
Fundamentals of Machine Learning for Predictive Data Analytics. second edition: Algorithms. Worked Examples. and Case Studies,506.47,Capa dura,4.7,17,856,Ingles,The MIT Press; 2ª edição (20 outubro 2020),19.84 x 3.33 x 24.28 cm,20/10/2020,139
Game Data Science,309.28,Capa Comum,,,384,Ingles,OUP Oxford (10 junho 2021),,10/06/2021,-94
Game Data Science,590.44,Capa dura,,,384,Ingles,OUP Oxford (10 junho 2021),,10/06/2021,-94
GANs in Action: Deep learning with Generative Adversarial Networks,241.42,Capa Comum,4.1,23,276,Ingles,Manning Publications; 1ª edição (28 outubro 2019),18.75 x 1.02 x 23.5 cm,28/10/2019,497
Generalized Linear Models With Examples in R,494.36,Capa dura,4.7,8,584,Ingles,Springer; 1st ed. 2018 edição (11 novembro 2018),15.49 x 3.18 x 23.5 cm,11/11/2018,848
Generative Deep Learning: Teaching Machines to Paint. Write. Compose. and Play,378.44,Capa Comum,4.6,120,300,Ingles,O?Reilly (12 julho 2019),17.8 x 1.75 x 23.3 cm,12/07/2019,605
GeoStatistics by Example: Hands on approach using R,59.9,Capa Comum,3.2,7,42,Ingles,Createspace Independent Publishing Platform; Annotated edição (22 julho 2016),21.59 x 0.25 x 27.94 cm,22/07/2016,1690
Global Seismicity Dynamics and Data-Driven Science: Seismicity Modelling by Big Data Analytics,827.37,Capa dura,,,231,Ingles,Springer; 1st ed. 2021 edição (8 outubro 2020),15.6 x 1.42 x 23.39 cm,08/10/2020,151
Good Charts Workbook: Tips. Tools. and Exercises for Making Better Data Visualizations,168.89,Capa Comum,4.5,29,288,Ingles,Harvard Business Review Press; Workbook edição (22 janeiro 2019),24.13 x 2.54 x 19.05 cm,22/01/2019,776
Good Charts: The HBR Guide to Making Smarter. More Persuasive Data Visualizations,159.48,Capa Comum,4.5,256,264,Ingles,Harvard Business Review Press; Illustrated edição (17 maio 2016),24.13 x 2.29 x 18.8 cm,17/05/2016,1756
Grokking Algorithms: An illustrated guide for programmers and other curious people,225.01,Capa Comum,4.7,430,300,Ingles,Manning Publications; 1ª edição (31 dezembro 2015),18.75 x 1.02 x 23.5 cm,31/12/2015,1894
Hadoop: The Definitive Guide: Storage and Analysis at Internet Scale,333.17,Capa Comum,4.5,188,756,Ingles,O'Reilly Media; 4ª edição (11 abril 2015),17.53 x 4.06 x 23.37 cm,11/04/2015,2158
Hands On Google Cloud SQL and Cloud Spanner: Deployment. Administration and Use Cases with Python,223.24,Capa Comum,4,1,348,Ingles,Apress; 1st ed. edição (19 dezembro 2019),17.81 x 2.01 x 25.4 cm,19/12/2019,445
Hands-On Data Science for Marketing: Improve your marketing strategies with machine learning using Python and R,352.13,Capa Comum,4.3,29,464,Ingles,Packt Publishing (29 março 2019),19.05 x 2.67 x 23.5 cm,29/03/2019,710
Hands-On Data Visualization: Interactive Storytelling from Spreadsheets to Code,354.41,Capa Comum,,,501,Ingles,O'Reilly Media (4 maio 2021),17.78 x 23.34 cm,04/05/2021,-57
Hands-On Machine Learning with Microsoft Excel 2019: Build complete data analysis flows. from data collection to visualization,316.31,Capa Comum,4.3,19,254,Ingles,Packt Publishing (30 abril 2019),19.05 x 1.47 x 23.5 cm,30/04/2019,678
Hands–On Machine Learning with Scikit–Learn and TensorFlow 2e: Concepts. Tools. and Techniques to Build Intelligent Systems,340.07,Capa Comum,4.8,1710,600,Ingles,O?Reilly; 2nd ed. edição (14 outubro 2019),17.78 x 3.05 x 23.37 cm,14/10/2019,511
Hands-On Programming with R: Write Your Own Functions and Simulations,223.46,Capa Comum,4.5,167,230,Ingles,O'Reilly Media; 1ª edição (2 agosto 2014),17.78 x 1.45 x 23.34 cm,02/08/2014,2410
Hands–On Unsupervised Learning Using Python: How to Build Applied Machine Learning Solutions from Unlabeled Data,353.68,Capa Comum,4.1,58,400,Ingles,O?Reilly (15 março 2019),17.8 x 1.91 x 23.3 cm,15/03/2019,724
HBR Guide to Data Analytics Basics for Managers (HBR Guide Series),96.27,Capa Comum,4.4,181,256,Ingles,Harvard Business Review Press; Illustrated edição (3 abril 2018),12.7 x 1.91 x 22.86 cm,03/04/2018,1070
Heard In Data Science Interviews: Over 650 Most Commonly Asked Interview Questions & Answers,167.75,Capa Comum,3.3,34,242,Ingles,Createspace Independent Publishing Platform (3 outubro 2018),15.24 x 1.4 x 22.86 cm,03/10/2018,887
High-Dimensional Probability: An Introduction with Applications in Data Science: 47,457.23,Capa dura,4.8,30,296,Ingles,Cambridge University Press (27 setembro 2018),18.29 x 2.29 x 25.91 cm,27/09/2018,893
High-Dimensional Statistics: A Non-Asymptotic Viewpoint: 48,518.54,Capa dura,4.7,22,568,Ingles,Cambridge University Press (21 fevereiro 2019),18.29 x 3.56 x 25.91 cm,21/02/2019,746
Higher Education Policy Analysis Using Quantitative Techniques: Data. Methods and Presentation,1123.24,Capa dura,,,186,Ingles,Springer; 1st ed. 2020 edição (22 janeiro 2021),,22/01/2021,45
How Baking Works: Exploring the Fundamentals of Baking Science,266.09,Capa Comum,4.7,359,528,Ingles,Wiley; 3ª edição (5 novembro 2010),21.34 x 2.79 x 27.18 cm,05/11/2010,3776
How to Design Programs – An Introduction to Programming and Computing 2e,469.12,Capa Comum,4.5,35,792,Ingles,MIT Press; second edition (25 maio 2018),22.61 x 20.32 x 3.81 cm,25/05/2018,1018
How to Lie with Statistics,66.05,Capa Comum,4.5,1402,144,Ingles,W. W. Norton & Company; Illustrated edição (17 outubro 1993),13.97 x 1.02 x 21.08 cm,17/10/1993,10004
How to Measure Anything in Cybersecurity Risk,322.61,Capa dura,4.5,148,304,Ingles,Wiley; 1ª edição (23 setembro 2016),,23/09/2016,1627
How to Speak Machine: Computational Thinking for the Rest of Us,127.37,Capa dura,4.5,74,240,Ingles,Portfolio; Illustrated edição (19 novembro 2019),14.35 x 2.31 x 21.62 cm,19/11/2019,475
Humanizing Big Data: Marketing at the Meeting of Data. Social Science and Consumer Insight,90.04,Capa Comum,4.7,4,224,Ingles,Kogan Page; 1ª edição (3 março 2015),,03/03/2015,2197
Hunting Cyber Criminals: A Hacker's Guide to Online Intelligence Gathering Tools and Techniques,181.68,Capa Comum,4.7,106,544,Ingles,Wiley; 1ª edição (19 março 2020),18.54 x 3.05 x 22.86 cm,19/03/2020,354
I Heart Logs: Event Data. Stream Processing. and Data Integration,85,Capa Comum,3.6,27,60,Ingles,O'Reilly Media; 1ª edição (17 outubro 2014),17.78 x 0.36 x 23.34 cm,17/10/2014,2334
Industry 4.0. AI. and Data Science: Research Trends and Challenges,840.35,Capa dura,,,288,Ingles,CRC Press; 1ª edição (21 julho 2021),,21/07/2021,-135
Insights from Data with R: An Introduction for the Life and Environmental Sciences,207.78,Capa Comum,,,320,Ingles,OUP Oxford (25 fevereiro 2021),16.8 x 1.5 x 24 cm,25/02/2021,11
Interactive Data Visualization: Foundations. Techniques. and Applications. Second Edition,311.26,Capa Comum,5,1,578,Ingles,A K Peters/CRC Press; 2ª edição (31 março 2021),,31/03/2021,-23
Interactive Graphics for Data Analysis: Principles and Examples: 14,543.2,Capa dura,,,296,Ingles,Chapman and Hall/CRC; 1ª edição (24 outubro 2008),15.49 x 1.78 x 23.37 cm,24/10/2008,4518
Interactive Web-Based Data Visualization with R. plotly. and shiny,566.22,Capa Comum,4.9,10,470,Ingles,Chapman and Hall/CRC; 1ª edição (21 janeiro 2020),15.88 x 2.54 x 22.86 cm,21/01/2020,412
Intro to Python for Computer Science and Data Science: Learning to Program with AI. Big Data and The Cloud,514.91,Capa Comum,4.7,139,880,Ingles,Pearson; 1ª edição (15 fevereiro 2019),15 x 5 x 23 cm,15/02/2019,752
Introdução à Ciência de Dados,48.89,Capa Comum,4.4,60,320,Portugues,Editora Alta Books; 1ª edição (26 agosto 2016),23.8 x 16.6 x 1.6 cm,26/08/2016,1655
Introdução à Mineração de Dados - Com Aplicações em R: com Aplicações em RL,83.02,Capa Comum,4.4,77,296,Portugues,GEN LTC; 1ª edição (16 junho 2016),,16/06/2016,1726
Introdução à Programação com Python: Algoritmos e Lógica de Programação Para Iniciantes,45.7,Capa Comum,4.8,427,328,Portugues,Novatec Editora; 3ª edição (8 janeiro 2019),23.4 x 17.2 x 2 cm,08/01/2019,790
Introdução a Sistemas de Bancos de Dados,353.12,Capa Comum,4.6,20,896,Portugues,GEN LTC; 1ª edição (14 abril 2004),28 x 21 x 4.8 cm,14/04/2004,6172
Introducing Data Science: Big Data. Machine Learning. and more. using Python tools,334.00,Capa Comum,4.1,27,325,Ingles,Manning Publications; 1ª edição (31 janeiro 2016),,31/01/2016,1863
Introducing Python. 2e: Modern Computing in Simple Packages,252.37,Capa Comum,4.7,158,500,Ingles,O?Reilly; 2nd ed. edição (22 novembro 2019),17.81 x 3.23 x 23.29 cm,22/11/2019,472
Introduction to Algorithmic Marketing: Artificial Intelligence for Marketing Operations,145.65,Capa Comum,4.5,32,508,Ingles,Ilia Katcov (1 dezembro 2017),15.19 x 2.59 x 22.91 cm,01/12/2017,1193
Introduction to Algorithms,504.57,Capa dura,4.5,1117,1292,Ingles,MIT Press (MA); third edition (1 setembro 2009),,01/09/2009,4206
Introduction to Computation and Programming Using Python – with Application to Understanding Data 2e,419.64,Capa Comum,4.7,355,472,Ingles,MIT Press; second edition (16 setembro 2016),17.78 x 2.13 x 22.71 cm,16/09/2016,1634
Introduction to Computation and Programming Using Python. third edition: With Application to Computational Modeling and Understanding Data,565.98,Capa Comum,4.7,12,496,Ingles,The MIT Press; 3ª edição (5 janeiro 2021),17.78 x 3.35 x 23.01 cm,05/01/2021,62
Introduction to Data Mining,1289.56,Capa dura,3.5,37,864,Ingles,Pearson; 2ª edição (4 janeiro 2018),23.37 x 19.05 x 3.3 cm,04/01/2018,1159
Introduction to Data Science for Social and Policy Research: Collecting and Organizing Data with R and Python,204.31,Capa Comum,,,314,Ingles,Cambridge University Press (21 setembro 2017),15.24 x 1.78 x 22.86 cm,21/09/2017,1264
Introduction to Data Science: A Python Approach to Concepts. Techniques and Applications,279.59,Capa Comum,3.5,9,218,Ingles,KDPPR; 1st ed. 2017 edição (4 março 2017),15.49 x 1.35 x 23.5 cm,04/03/2017,1465
Introduction to Data Visualization & Storytelling: A Guide For The Data Scientist,77.7,Capa Comum,4.1,58,168,Ingles,Independently Published (28 julho 2019),12.7 x 0.97 x 20.32 cm,28/07/2019,589
Introduction to Machine Learning,540.87,Capa dura,4.7,28,712,Ingles,MIT Press; fourth edition (27 março 2020),,27/03/2020,346
Introduction to Machine Learning with Python: A Guide for Data Scientists,326.55,Capa Comum,4.5,314,392,Ingles,O?Reilly; 1ª edição (7 outubro 2016),17.78 x 2.08 x 23.34 cm,07/10/2016,1613
Introduction to Meta-Analysis,435.59,Capa dura,4.7,77,421,Ingles,John Wiley & Sons; 1ª edição (1 abril 2009),17.91 x 3.05 x 25.4 cm,01/04/2009,4359
Introduction to Numerical Methods for Variational Problems: 21,424.62,Capa dura,5,1,412,Ingles,Springer; 1st ed. 2019 edição (15 outubro 2019),15.49 x 2.39 x 23.5 cm,15/10/2019,510
Introduction to Statistics and Data Analysis: With Exercises. Solutions and Applications in R,444.16,Capa Comum,5,4,472,Ingles,Springer; Softcover reprint of the original 1st ed. 2016 edição (1 setembro 2018),15.49 x 2.72 x 23.5 cm,01/09/2018,919
Joe Celko’s Complete Guide to NoSQL: What Every SQL Professional Needs to Know about Non-Relational Databases,346.97,Capa Comum,2.2,3,244,Ingles,Morgan Kaufmann; 1ª edição (31 outubro 2013),19.05 x 1.4 x 23.5 cm,31/10/2013,2685
Julia for Data Science,251.86,Capa Comum,3.9,9,368,Ingles,Technics Publications (30 setembro 2016),19.05 x 2.11 x 23.5 cm,30/09/2016,1620
Learn Functional Programming with Elixir: New Foundations for a New World,205.4,Capa Comum,4.6,14,198,Ingles,O?Reilly (16 março 2018),,16/03/2018,1088
Learning Elasticsearch 7.x: Index. Analyze. Search and Aggregate Your Data Using Elasticsearch (English Edition),165.32,Capa Comum,,,310,Ingles,Bpb Publications (3 dezembro 2020),19.05 x 1.78 x 23.5 cm,03/12/2020,95
Learning R: A Step-By-Step Function Guide to Data Analysis,264,Capa Comum,4.4,90,400,Ingles,O'Reilly Media; 1ª edição (26 setembro 2013),17.78 x 2.08 x 23.34 cm,26/09/2013,2720
Learning Tableau 2020 - Fourth Edition: Create effective data visualizations. build interactive visual analytics. and transform your organization,234.09,Capa Comum,4.7,39,576,Ingles,Packt Publishing; 4ª edição (28 agosto 2020),19.05 x 3.3 x 23.5 cm,28/08/2020,192
Leveraging Data Science for Global Health,337.61,Capa dura,4.5,2,488,Ingles,Springer; 1st ed. 2020 edição (1 agosto 2020),15.6 x 2.69 x 23.39 cm,01/08/2020,219
Life 3.0: Being Human in the Age of Artificial Intelligence,82.9,Capa Comum,4.5,1645,384,Ingles,Vintage; Illustrated edição (31 julho 2018),15.49 x 2.01 x 23.34 cm,31/07/2018,951
M Is for (Data) Monkey: A Guide to the M Language in Excel Power Query,137.52,Capa Comum,4.5,360,,Ingles,Holy Macro! Books (1 dezembro 2015),,01/12/2015,1924
Machine Learning – Guia de Referência Rápida: Trabalhando com Dados Estruturados em Python,52.34,Capa Comum,4.8,53,272,Portugues,Novatec Editora; 1ª edição (11 dezembro 2019),20.8 x 13.6 x 1.4 cm,11/12/2019,453
Machine Learning and Data Science in the Oil and Gas Industry: Best Practices. Tools. and Case Studies,1277.61,Capa Comum,,,306,Ingles,Gulf Professional Publishing; 1ª edição (15 março 2021),15.24 x 1.55 x 22.86 cm,15/03/2021,-7
Machine Learning and Data Science: Fundamentals and Applications,1222.13,Capa dura,,,350,Ingles,Wiley-Scrivener; 1ª edição (15 julho 2021),,15/07/2021,-129
Machine Learning Design Patterns: Solutions to Common Challenges in Data Preparation. Model Building. and Mlops,295.81,Capa Comum,4.6,55,408,Ingles,O'Reilly Media (10 novembro 2020),17.78 x 2.54 x 23.5 cm,10/11/2020,118
Machine Learning Engineering,231.67,Capa Comum,4.7,100,310,Ingles,True Positive Inc. (8 setembro 2020),19.05 x 1.85 x 23.5 cm,08/09/2020,181
Machine Learning for Algorithmic Trading - Second Edition: Predictive models to extract signals from market and alternative data for systematic trading strategies with Python. 2nd Edition,466.81,Capa Comum,4.4,70,820,Ingles,Packt Publishing; 2ª edição (31 julho 2020),19.05 x 4.7 x 23.5 cm,31/07/2020,220
Machine Learning for Algorithmic Trading: Master as a pro applied artificial intelligence and Python to predict systematic strategies for options and stock. Learn data-driven finance using Keras,126.79,Capa Comum,,,,Ingles,Independently Published (22 novembro 2020),15.24 x 2.44 x 22.86 cm,22/11/2020,106
Machine Learning For Dummies,142.01,Capa Comum,4.3,273,432,Ingles,For Dummies; 1ª edição (19 julho 2016),18.03 x 2.29 x 22.86 cm,19/07/2016,1693
Machine Learning in Action,290.54,Capa Comum,3.7,29,384,Ingles,Manning Publications; 1ª edição (19 abril 2012),,19/04/2012,3245
Machine Learning in Business: An Introduction to the World of Data Science,219.7,Capa Comum,4.5,19,276,Ingles,Independently Published (8 maio 2020),15.24 x 1.57 x 22.86 cm,08/05/2020,304
Machine Learning in Finance: From Theory to Practice,637.28,Capa dura,4.5,50,576,Ingles,Springer; 1st ed. 2020 edição (2 julho 2020),15.6 x 3.18 x 23.39 cm,02/07/2020,249
Machine Learning in Production: Developing and Optimizing Data Science Workflows and Applications,229.41,Capa Comum,2.6,3,288,Ingles,Addison-Wesley Professional; 1ª edição (8 maio 2019),22.86 x 17.78 x 1.27 cm,08/05/2019,670
Machine Learning Mathematics: Study Deep Learning Through Data Science. How to Build Artificial Intelligence Through Concepts of Statistics. Algorithms. Analysis and Data Mining,149.53,Capa Comum,4,35,108,Ingles,Independently Published (14 outubro 2019),15.24 x 0.64 x 22.86 cm,14/10/2019,511
Machine Learning with Python Cookbook: Practical Solutions from Preprocessing to Deep Learning,333.17,Capa Comum,4.5,62,366,Ingles,O?Reilly (23 março 2018),,23/03/2018,1081
Machine Learning with R. tidyverse. and mlr,352.95,Capa Comum,4.3,8,398,Ingles,Manning Publications; 1ª edição (15 junho 2020),18.73 x 3.05 x 23.5 cm,15/06/2020,266
Machine Learning. Optimization. and Data Science: 6th International Conference. LOD 2020. Siena. Italy. July 19–23. 2020. Revised Selected Papers. Part I: 12565,654,Capa Comum,,,720,Ingles,Springer; 1st ed. 2020 edição (8 fevereiro 2021),15.6 x 3.94 x 23.39 cm,08/02/2021,28
Machine Learning: An Introduction To Supervised & Unsupervised Learning Algorithms,74.22,Capa Comum,3.2,19,60,Ingles,Createspace Independent Publishing Platform (23 julho 2017),12.7 x 0.38 x 20.32 cm,23/07/2017,1324
Machine Learning: The Art and Science of Algorithms That Make Sense of Data,331.52,Capa Comum,4,52,409,Ingles,Cambridge University Press (20 setembro 2012),19.05 x 1.78 x 24.64 cm,20/09/2012,3091
Malware Data Science: Attack Detection and Attribution,196.91,Capa Comum,4.5,57,272,Ingles,No Starch Press (4 setembro 2018),17.78 x 1.75 x 23.65 cm,04/09/2018,916
Mãos à Obra: Aprendizado de Máquina com Scikit-Learn & TensorFlow,69.9,Capa Comum,4.7,155,576,Portugues,Editora Alta Books; 1ªª edição (28 junho 2019),17 x 3 x 24 cm,28/06/2019,619
Marginal Models: For Dependent. Clustered. and Longitudinal Categorical Data,278.99,Capa dura,,,,Ingles,Springer; 2009ª edição (6 abril 2009),,06/04/2009,4354
Markov Models: Understanding Data Science. Markov Models and Unsupervised Machine Learning in Python,51.62,Capa Comum,2.3,11,80,Ingles,Createspace Independent Publishing Platform; 2ª edição (29 maio 2017),13.97 x 0.48 x 21.59 cm,29/05/2017,1379
Mastering Deep Learning Fundamentals: An Ultimate Guide for Beginners in Data Science,76.9,Capa Comum,3.3,9,162,Ingles,AI Publishing (9 junho 2019),15.24 x 0.94 x 22.86 cm,09/06/2019,638
Mastering PostgreSQL 12-Third Edition: Advanced techniques to build and administer scalable and reliable PostgreSQL database applications. 3rd Edition,325.11,Capa Comum,4.3,23,470,Ingles,Packt Publishing; 3ª edição (29 novembro 2019),19.05 x 2.69 x 23.5 cm,29/11/2019,465
Mastering Python for Finance - Second Edition: Implement advanced state-of-the-art financial statistical applications using Python,323.53,Capa Comum,4.4,28,426,Ingles,Packt Publishing; 2ª edição (30 abril 2019),19.05 x 2.44 x 23.5 cm,30/04/2019,678
Mathematical Foundations for Data Analysis,655.18,Capa dura,,,282,Ingles,Springer; 1st ed. 2020 edição (20 janeiro 2021),,20/01/2021,47
Mathematical Foundations of Data Science Using R,395.45,Capa Comum,3.9,4,429,Ingles,Walter de Gruyter (18 maio 2020),16.99 x 2.24 x 24.41 cm,18/05/2020,294
Mathematics for Machine Learning,368.87,Capa Comum,4.7,206,398,Ingles,Cambridge University Press (23 abril 2020),17.78 x 1.78 x 25.15 cm,23/04/2020,319
Matlab: An Introduction with Applications,316.7,Capa Comum,4.5,20,384,Ingles,John Wiley & Sons; 3ª edição (8 fevereiro 2008),19.15 x 1.45 x 23.75 cm,08/02/2008,4777
Measurement and Data Science,538.15,Capa dura,,,375,Ingles,Cambridge Scholars Publishing; Unabridged edição (1 janeiro 2021),,01/01/2021,66
Mediterranean Forum - Data Science Conference: First International Conference. MeFDATA 2020. Sarajevo. Bosnia and Herzegovina. October 24. 2020. Revised Selected Papers: 1343,421.68,Capa Comum,,,,Ingles,Springer; 1st ed. 2021 edição (16 maio 2021),,16/05/2021,-69
Microsoft Excel Data Analysis and Business Modeling,242.97,Capa Comum,4.5,248,864,Ingles,Microsoft Press; 5ª edição (9 dezembro 2016),18.8 x 4.45 x 22.86 cm,09/12/2016,1550
Microsoft Power BI Cookbook: Over 100 recipes for creating powerful Business Intelligence solutions to aid effective decision-making,460.8,Capa Comum,4.1,48,802,Ingles,Packt Publishing (27 setembro 2017),19.05 x 4.6 x 23.5 cm,27/09/2017,1258
Minding the Machines: Building and Leading Data Science and Analytics Teams,225.39,Capa Comum,,,300,Ingles,Wiley; 1ª edição (21 setembro 2021),,21/09/2021,-197
Multilevel Modeling Using R,453.94,Capa Comum,4.8,8,254,Ingles,Chapman and Hall/CRC; 2ª edição (20 maio 2019),15.57 x 1.45 x 23.5 cm,20/05/2019,658
Multivariate Data Analysis,816,Capa Comum,4.2,16,832,Ingles,Intl Thomson Business Pre; 8ª edição (24 maio 2018),19.6 x 2.5 x 26 cm,24/05/2018,1019
Naked Statistics: Stripping the Dread from the Data,76.42,Capa Comum,4.6,1406,282,Ingles,W. W. Norton & Company; 1ª edição (13 janeiro 2014),,13/01/2014,2611
Natural Language Processing in Action: Understanding. analyzing. and generating text with Python,250.01,Capa Comum,4.4,67,544,Ingles,Manning Publications; 1ª edição (6 junho 2019),18.75 x 3.05 x 23.5 cm,06/06/2019,641
Neural Network Projects with Python: The ultimate guide to using Python to explore the true power of neural networks through six projects,319.22,Capa Comum,4.6,43,308,Ingles,Packt Publishing (28 fevereiro 2019),19.05 x 1.78 x 23.5 cm,28/02/2019,739
New Developments in Data Science and Data Analytics: Proceedings of the 2019 Meeting of International Society for Data Science and Analytics,224.18,Capa Comum,,,186,Ingles,Isdsa Press (8 maio 2020),15.24 x 1.12 x 22.86 cm,08/05/2020,304
Next Generation Databases: NoSQL. NewSQL. and Big Data: NoSQLand Big Data,263.61,Capa Comum,4.6,28,250,Ingles,Apress; 1ª edição (14 dezembro 2015),17.81 x 1.5 x 25.4 cm,14/12/2015,1911
Numerical Methods for Scientists and Engineers,114.22,Capa Comum,4.4,63,,Ingles,Dover Publications; New edition (1 março 1987),,01/03/1987,12426
Numerical Python: Scientific Computing and Data Science Applications with Numpy. SciPy and Matplotlib,219.41,Capa Comum,4.5,57,726,Ingles,Apress; 2nd ed. edição (25 dezembro 2018),17.81 x 3.68 x 25.4 cm,25/12/2018,804
On Intelligence: How a New Understanding of the Brain Will Lead to the Creation of Truly Intelligent Machines,107.44,Capa Comum,4.5,316,262,Ingles,Owl Books (NY); Reprint edição (1 agosto 2005),13.97 x 1.92 x 20.88 cm,01/08/2005,5698
Oracle Database 12c Install. Configure & Maintain Like a Professional,108.24,Capa Comum,4.2,34,472,Ingles,McGraw-Hill/Osborne Media; 1ª edição (25 setembro 2013),21.84 x 2.54 x 22.86 cm,25/09/2013,2721
Outside Insight: Navigating a World Drowning in Data,132.87,Capa dura,3.9,10,320,Ingles,Ideapress Publishing (12 outubro 2017),15.49 x 2.54 x 21.34 cm,12/10/2017,1243
Pandas 1.x Cookbook - Second Edition: Practical recipes for scientific computing. time series analysis. and exploratory data analysis using Python. 2nd Edition,334.64,Capa Comum,4.4,35,626,Ingles,Packt Publishing; 2ª edição (28 fevereiro 2020),19.05 x 3.58 x 23.5 cm,28/02/2020,374
Panel Data Econometrics with R,573.73,Capa dura,3.7,5,328,Ingles,Wiley; 1ª edição (26 outubro 2018),17.53 x 2.03 x 25.65 cm,26/10/2018,864
Pattern Recognition and Machine Learning,496.27,Capa Comum,4.2,28,760,Ingles,Springer; Softcover reprint of the original 1st ed. 2006 edição (23 agosto 2016),17.78 x 3.84 x 25.4 cm,23/08/2016,1658
Patterns Identification and Data Mining in Weather and Climate,901.5,Capa dura,,,620,Ingles,Springer; 1st ed. 2021 edição (19 maio 2021),,19/05/2021,-72
Pense em Python: Pense Como um Cientista da Computação,55.7,Capa Comum,4.7,98,312,Portugues,Novatec Editora (7 junho 2016),23.2 x 17 x 1.6 cm,07/06/2016,1735
Power BI - Business Intelligence Clinic: Create and Learn: 1,122.77,Capa Comum,4.2,184,212,Ingles,Independently Published (6 outubro 2018),15.24 x 1.35 x 22.86 cm,06/10/2018,884
Power BI em 100 Páginas: Aprenda os fundamentos de forma rápida e prática,95.76,Capa Comum,4,10,126,Portugues,Independently Published (27 janeiro 2020),15.24 x 0.81 x 22.86 cm,27/01/2020,406
Power Pivot and Power BI: The Excel User's Guide to DAX. Power Query. Power BI & Power Pivot in Excel 2010-2016,176.28,Capa Comum,4.5,603,308,Ingles,Holy Macro! Books; Second Edition. Second edition (1 janeiro 2016),20.96 x 1.52 x 26.67 cm,01/01/2016,1893
Practical AI on the Google Cloud Platform: Utilizing Google's State-Of-The-Art AI Cloud Services,320.06,Capa Comum,,,400,Ingles,O?Reilly (30 novembro 2020),17.81 x 2.06 x 23.29 cm,30/11/2020,98
Practical Data Science with R,722.14,Capa Comum,4.3,40,416,Ingles,Manning Publications; 1ª edição (13 abril 2014),18.75 x 2.29 x 23.5 cm,13/04/2014,2521
Practical Deep Learning for Cloud. Mobile and Edge: Real-World AI & Computer-Vision Projects Using Python. Keras & Tensorflow,423.17,Capa Comum,4.5,67,624,Ingles,O?Reilly; Illustrated edição (1 novembro 2019),17.78 x 3.18 x 23.34 cm,01/11/2019,493
Practical Fairness: Achieving Fair and Secure Data Models,,Capa Comum,5,1,275,Ingles,O?Reilly (31 janeiro 2021),17.78 x 2.03 x 22.86 cm,31/01/2021,36
Practical Natural Language Processing,345.95,Capa Comum,4.2,83,325,Ingles,O?Reilly (30 junho 2020),17.78 x 2.34 x 23.34 cm,30/06/2020,251
Practical Quantum Computing for Developers: Programming Quantum Rigs in the Cloud using Python. Quantum Assembly Language and IBM QExperience,170.28,Capa Comum,4.1,20,366,Ingles,Apress; 1st ed. edição (13 dezembro 2018),17.81 x 2.18 x 25.4 cm,13/12/2018,816
Practical SQL: A Beginner's Guide to Storytelling with Data,194.67,Capa Comum,4.7,157,392,Ingles,No Starch Press (1 maio 2018),17.78 x 2.29 x 23.5 cm,01/05/2018,1042
Practical Statistics for Data Scientists. 2e: 50+ Essential Concepts Using R and Python,329.58,Capa Comum,4.5,119,350,Ingles,O?Reilly; 2nd ed. edição (29 junho 2020),17.78 x 2.29 x 23.11 cm,29/06/2020,252
Practical Time Series Analysis: Prediction with Statistics and Machine Learning,358.97,Capa Comum,4.1,80,530,Ingles,O?Reilly (1 novembro 2019),17.78 x 2.54 x 23.11 cm,01/11/2019,493
Practical Web Scraping for Data Science: Best Practices and Examples with Python,295.33,Capa Comum,4.2,7,324,Ingles,Apress; 1st ed. edição (19 abril 2018),17.81 x 1.85 x 25.4 cm,19/04/2018,1054
Predictive Analytics: Data Mining. Machine Learning and Data Science for Practitioners,308.61,Capa Comum,5,3,448,Ingles,Pearson FT Press; 2ª edição (21 dezembro 2020),15.11 x 2.79 x 22.61 cm,21/12/2020,77
Pre-K-12 Guidelines for Assessment and Instruction in Statistics Education II (GAISE II): A Framework for Statistics and Data Science Education,78.06,Capa Comum,,,124,Ingles,American Statistical Association (3 dezembro 2020),21.59 x 0.71 x 27.94 cm,03/12/2020,95
Principles of Data Science,810.8,Capa dura,,,296,Ingles,Springer; 1st ed. 2020 edição (9 julho 2020),15.6 x 1.75 x 23.39 cm,09/07/2020,242
Principles of Data Science: Mathematical techniques and theory to succeed in data-driven industries,298.03,Capa Comum,4.3,14,388,Ingles,Packt Publishing; Illustrated edição (19 dezembro 2016),,19/12/2016,1540
Principles of Solar Cells: Connecting Perspectives on Device. System. Reliability. and Data Science,382.38,Capa Comum,,,450,Ingles,World Scientific Publishing Company (17 outubro 2021),2.29 x 1.52 x 2.29 cm,17/10/2021,-223
Pro Git,329.4,Capa Comum,4.5,982,456,Ingles,Apress; 2ª edição (12 novembro 2014),19.1 x 2.62 x 23.5 cm,12/11/2014,2308
Probabilistic Robotics,465.08,Capa dura,4.7,99,646,Ingles,MIT Press (MA); Illustrated edição (19 agosto 2005),,19/08/2005,5680
Proceedings of International Conference on Computational Intelligence. Data Science and Cloud Computing: IEM-ICDC 2020: 62,1574.44,Capa dura,,,713,Ingles,Springer; 1st ed. 2021 edição (10 maio 2021),,10/05/2021,-63
Proceedings of International Conference on Machine Intelligence and Data Science Applications: MIDAS 2020,1690.35,Capa dura,,,754,Ingles,Springer; 1st ed. 2021 edição (26 janeiro 2021),,26/01/2021,41
Process Mining: Data Science in Action,618,Capa dura,4.5,29,,Ingles,Springer; 2nd ed. 2016 edição (26 abril 2016),,26/04/2016,1777
Processamento e Análise de Dados Financeiros e Econômicos com o R,95.28,Capa Comum,4.7,61,436,Portugues,Agencia Brasileira Do ISBN (1 junho 2018),17.78 x 2.49 x 25.4 cm,01/06/2018,1011
Product Analytics: Applied Data Science Techniques for Actionable Consumer Insights,308.61,Capa Comum,4,2,448,Ingles,Addison-Wesley Professional; 1ª edição (1 outubro 2020),17.78 x 2.92 x 23.11 cm,01/10/2020,158
Professional Microsoft SQL Server 2014 Integration Services,255.56,Capa Comum,4.5,38,878,Ingles,Wrox Press; 1ª edição (21 abril 2014),18.8 x 5.33 x 23.62 cm,21/04/2014,2513
Programming Quantum Computers: Essential Algorithms and Code Samples,338.62,Capa Comum,4.7,80,300,Ingles,O?Reilly (16 julho 2019),17.8 x 1.78 x 23.3 cm,16/07/2019,601
Projetos de Ciência de Dados com Python: Abordagem de Estudo de Caso Para a Criação de Projetos de Ciência de Dados Bem-sucedidos Usando Python. Pandas e Scikit-learn,69.9,Capa Comum,4.6,13,320,Portugues,Novatec Editora; 1ª edição (11 maio 2020),23.2 x 17 x 1.8 cm,11/05/2020,301
Projetos em R Para Leigos,55.89,Capa Comum,4.4,23,352,Portugues,Editora Alta Books; 1ª edição (10 maio 2019),24 x 17 x 1.8 cm,10/05/2019,668
Purely Functional Data Structures,334.26,Capa Comum,4.4,42,232,Ingles,Cambridge University Press (21 maio 2003),15.24 x 1.78 x 22.61 cm,21/05/2003,6501
Python Crash Course. 2nd Edition: A Hands-On. Project-Based Introduction to Programming,197.68,Capa Comum,4.7,3600,544,Ingles,No Starch Press; Illustrated edição (3 maio 2019),,03/05/2019,675
Python Data Science Handbook: Essential Tools for Working with Data,495.99,Capa Comum,4.5,355,548,Ingles,O?Reilly; 1ª edição (6 dezembro 2016),17.78 x 2.82 x 23.34 cm,06/12/2016,1553
Python Deep learning: Develop your first Neural Network in Python Using TensorFlow. Keras. and PyTorch: 1,66.9,Capa Comum,3.7,15,172,Ingles,Independently Published (3 abril 2019),15.24 x 0.99 x 22.86 cm,03/04/2019,705
Python Fluente: Programação Clara. Concisa e Eficaz,102.9,Capa Comum,4.8,231,800,Portugues,Novatec Editora; 1ª edição (15 outubro 2015),23.4 x 16.6 x 4 cm,15/10/2015,1971
Python for Algorithmic Trading: From Idea to Cloud Deployment,368.84,Capa Comum,4.3,20,380,Ingles,O'Reilly Media (8 dezembro 2020),17.78 x 2.29 x 23.11 cm,08/12/2020,90
Python for Data Analysis. 2e: Data Wrangling with Pandas. Numpy. and Ipython,273.38,Capa Comum,4.6,829,522,Ingles,O?Reilly; 2nd ed. edição (3 novembro 2017),17.78 x 3.3 x 23.11 cm,03/11/2017,1221
Python for Data Analysis: Master Deep Learning with Python Language and Become Great at Programming Python for Beginners with Hands-on Project (Data Science),97.2,Capa Comum,3.6,8,,Ingles,Independently Published (26 fevereiro 2020),15.24 x 0.76 x 22.86 cm,26/02/2020,376
Python for Finance 2e: Mastering Data-Driven Finance,458.5,Capa Comum,4.6,158,685,Ingles,O?Reilly; 2nd ed. edição (15 janeiro 2019),17.78 x 4.06 x 23.11 cm,15/01/2019,783
Python for Programmers,305.39,Capa Comum,4.3,47,640,Ingles,Pearson; 1ª edição (22 março 2019),17.91 x 3.56 x 23.11 cm,22/03/2019,717
Python Machine Learning - Third Edition: Machine Learning and Deep Learning with Python. scikit-learn. and TensorFlow 2,294.85,Capa Comum,4.5,192,770,Ingles,Packt Publishing; 3ª edição (9 dezembro 2019),19.05 x 4.42 x 23.5 cm,09/12/2019,455
Python Machine Learning. Second Edition: Machine Learning and Deep Learning with Python. scikit-learn. and TensorFlow,257.51,Capa Comum,4.4,215,622,Ingles,Packt Publishing; 2ª edição (15 setembro 2017),,15/09/2017,1270
Python Para Análise de Dados: Tratamento de Dados com Pandas. NumPy e IPython,86.4,Capa Comum,4.8,306,616,Portugues,Novatec Editora; 1ª edição (9 janeiro 2018),23.6 x 17 x 3 cm,09/01/2018,1154
Python Para Data Science Para Leigos,69.9,Capa Comum,4.5,4,496,Portugues,Editora Alta Books; 2ª edição (31 agosto 2020),17 x 3 x 24 cm,31/08/2020,189
Python Para Data Science Para Leigos: os Primeiros Passos Para o Sucesso,46.1,Capa Comum,3,1,246,Portugues,Editora Alta Books; 1ª edição - Edição de bolso (21 janeiro 2021),17 x 11.6 x 1.4 cm,21/01/2021,46
Python: This Book Includes: Learn How To Develop Programs And Apps In 7 Days With Python Programming And Start Deep Hands-on Learning For Beginners of Data Science And Machine Learning.,189.74,Capa Comum,4.1,42,382,Ingles,Independently Published (17 maio 2020),19.05 x 2.18 x 23.5 cm,17/05/2020,295
R for Data Science,216.98,Capa Comum,5,2,364,Ingles,Packt Publishing (30 dezembro 2014),19.05 x 2.08 x 23.5 cm,30/12/2014,2260
R for Data Science: Import. Tidy. Transform. Visualize. and Model Data,261.8,Capa Comum,4.7,873,522,Ingles,O?Reilly; 1ª edição (20 janeiro 2017),15.2 x 2.67 x 22.9 cm,20/01/2017,1508
R in Action: Data Analysis and Graphics with R,359.76,Capa Comum,4.5,164,608,Ingles,Manning Publications; 2ª edição (6 junho 2015),,06/06/2015,2102
R Markdown: The Definitive Guide,277.21,Capa Comum,4.7,35,338,Ingles,Chapman and Hall/CRC; 1ª edição (17 julho 2018),15.57 x 1.96 x 22.23 cm,17/07/2018,965
R Para Data Science,80.77,Capa Comum,4.7,145,528,Portugues,Editora Alta Books (15 fevereiro 2019),23.88 x 17.02 x 2.54 cm,15/02/2019,752
Random Data: Analysis and Measurement Procedures: 729,986.86,Capa dura,3.7,9,604,Ingles,John Wiley & Sons; 4ª edição (8 fevereiro 2010),16.51 x 3.81 x 24.38 cm,08/02/2010,4046
Real-World Machine Learning,348.98,Capa Comum,4.2,16,400,Ingles,Manning Publications; 1ª edição (2 março 2016),,02/03/2016,1832
Real-World Python: A Hacker's Guide to Solving Problems with Code,170.44,Capa Comum,4.5,13,360,Ingles,No Starch Press (5 novembro 2020),17.78 x 2.36 x 23.5 cm,05/11/2020,123
Rebooting AI: Building Artificial Intelligence We Can Trust,82.84,Capa Comum,4.5,135,288,Ingles,Vintage (25 agosto 2020),13.16 x 2.13 x 20.29 cm,25/08/2020,195
Responsible Data Science: Transparency and Fairness in Algorithms,224.78,Capa Comum,,,304,Ingles,Wiley; 1ª edição (28 junho 2021),,28/06/2021,-112
Small data: Como Poucas Pistas Indicam Grandes Tendências,19.5,Capa Comum,4.5,242,240,Portugues,HarperCollins; 1ª edição (30 agosto 2016),22.86 x 15.24 x 1.52 cm,30/08/2016,1651
Smart Cities: Big Data. Civic Hackers. and the Quest for a New Utopia,87.07,Capa Comum,4.1,55,388,Ingles,W. W. Norton & Company; 1ª edição (6 outubro 2014),13.97 x 2.79 x 21.08 cm,06/10/2014,2345
Spark – The Definitive Guide: Big Data Processing Made Simple,333.17,Capa Comum,4.5,214,606,Ingles,O?Reilly (9 março 2018),17.53 x 3.05 x 23.11 cm,09/03/2018,1095
SQL for Data Science: Data Cleaning. Wrangling and Analytics with Relational Databases,436.6,Capa Comum,4,1,285,Ingles,Springer; 1st ed. 2020 edição (31 dezembro 2020),15.49 x 1.73 x 23.5 cm,31/12/2020,67
SQL QuickStart Guide: The Simplified Beginner's Guide to Managing. Analyzing. and Manipulating Data With SQL,192.12,Capa dura,4.4,630,252,Ingles,ClydeBank Media LLC; Illustrated edição (19 novembro 2019),19.05 x 1.6 x 23.5 cm,19/11/2019,475
SQL Server 2019 Administrator's Guide. Second Edition: A definitive guide for DBAs to implement. monitor. and maintain enterprise database solutions,363.37,Capa Comum,4,3,522,Ingles,Packt Publishing; 2ª edição (11 setembro 2020),19.05 x 3 x 23.5 cm,11/09/2020,178
SQL Server Big Data Clusters: Data Virtualization. Data Lake. and AI Platform,215.78,Capa Comum,4,2,280,Ingles,Apress; 2nd ed. edição (24 maio 2020),17.81 x 1.63 x 25.4 cm,24/05/2020,288
Statistical Analysis of Microbiome Data,787.19,Capa dura,,,250,Ingles,Springer; 1st ed. 2021 edição (17 junho 2021),15.49 x 23.5 cm,17/06/2021,-101
Statistical Foundations. Reasoning and Inference: For Science and Data Science,616.2,Capa dura,,,,Ingles,Springer; 1st ed. 2021 edição (11 outubro 2021),,11/10/2021,-217
Statistical Inference via Data Science: A ModernDive into R and the Tidyverse,,Capa Comum,4.4,15,462,Ingles,Chapman and Hall/CRC; 1ª edição (13 dezembro 2019),17.78 x 2.36 x 25.4 cm,13/12/2019,451
Statistical Learning from a Regression Perspective,476.34,Capa dura,4,1,460,Ingles,Springer; 3rd ed. 2020 edição (30 junho 2020),15.6 x 2.54 x 23.39 cm,30/06/2020,251
Statistics and Data Science: Research School on Statistics and Data Science. RSSDS 2019. Melbourne. VIC. Australia. July 24–26. 2019. Proceedings: 1150,337.86,Capa Comum,,,276,Ingles,Springer; 1st ed. 2019 edição (4 janeiro 2020),15.6 x 1.47 x 23.39 cm,04/01/2020,429
Statistics Done Wrong: The Woefully Complete Guide,118.73,Capa Comum,4.5,192,176,Ingles,No Starch Press; 1ª edição (16 março 2015),15.57 x 1.17 x 22.86 cm,16/03/2015,2184
Statistics for Ecologists Using R and Excel: Data Collection. Exploration. Analysis and Presentation,476.96,Capa Comum,4.7,25,418,Ingles,Pelagic Publishing Ltd; Fully revised and updated. edição (9 janeiro 2017),16.99 x 2.16 x 24.38 cm,09/01/2017,1519
Statistics for Health Data Science: An Organic Approach,666.57,Capa dura,,,250,Ingles,Springer; 1st ed. 2020 edição (9 dezembro 2020),15.6 x 1.6 x 23.39 cm,09/12/2020,89
Statistics with Julia: Fundamentals for Data Science. Machine Learning and Artificial Intelligence,1126.88,Capa dura,,,538,Ingles,Springer; 1st ed. 2021 edição (3 junho 2021),,03/06/2021,-87
Stochastic Modeling of Scientific Data,405.9,Capa Comum,,,384,Ingles,Chapman and Hall/CRC; 1ª edição (18 dezembro 2020),15.6 x 2.21 x 23.4 cm,18/12/2020,80
Storytelling com Dados: um Guia Sobre Visualização de Dados Para Profissionais de Negócios,53.99,Capa Comum,4.8,663,256,Portugues,Editora Alta Books; 2ª edição (22 janeiro 2019),23.8 x 17 x 1.6 cm,22/01/2019,776
Storytelling with Data: A Data Visualization Guide for Business Professionals,176.17,Capa Comum,4.6,1734,288,Ingles,Wiley; 1ª edição (20 novembro 2015),18.54 x 1.78 x 23.37 cm,20/11/2015,1935
Storytelling with Data: Let's Practice!,180.79,Capa Comum,4.7,306,448,Ingles,Wiley; 1ª edição (11 outubro 2019),20.07 x 2.29 x 25.15 cm,11/10/2019,514
Structure and Interpretation of Computer Programs,457.27,Capa Comum,4.8,253,657,Ingles,MIT Press (MA); second edition (25 julho 1996),22.86 x 15.24 x 3.05 cm,25/07/1996,8992
Student's Solutions Manual and Supplementary Materials for Econometric Analysis of Cross Section and Panel Data,329.97,Capa Comum,4.2,20,385,Ingles,MIT Press (MA); second edition (1 julho 2011),,01/07/2011,3538
Supercharge Power BI: Power BI Is Better When You Learn to Write DAX,152.29,Capa Comum,4.5,161,186,Ingles,Holy Macro! Books (1 junho 2018),20.96 x 1.02 x 27.31 cm,01/06/2018,1011
Superforecasting: The Art and Science of Prediction,80.1,Capa Comum,4.4,1170,352,Ingles,Broadway Books; Illustrated edição (13 setembro 2016),,13/09/2016,1637
Supervised and Unsupervised Learning for Data Science,461.65,Capa Comum,,,196,Ingles,Springer; 1st ed. 2020 edição (19 setembro 2020),15.6 x 1.07 x 23.39 cm,19/09/2020,170
Supervised Learning with Quantum Computers,738.69,Capa Comum,4.6,3,304,Ingles,,,03/01/2019,795
Tableau BI em 100 Páginas: Aprenda os fundamentos de forma rápida e prática: 3,69.05,Capa Comum,4,3,108,Portugues,Independently Published (27 agosto 2020),15.24 x 0.69 x 22.86 cm,27/08/2020,193
Tableau Prep – Up & Running: Self-Service Data Preparation for Better Analysis,396.38,Capa Comum,4.7,8,300,Ingles,O?Reilly (30 setembro 2020),17.78 x 2.54 x 23.11 cm,30/09/2020,159
Tabular Modeling in Microsoft SQL Server Analysis Services,398.76,Capa Comum,4.7,45,512,Ingles,Microsoft Press; 2ª edição (12 abril 2017),,12/04/2017,1426
Tecnologia e projeto de Data Warehouse,113.4,Capa Comum,4.4,25,320,Portugues,Editora Érica; 6ª edição (29 outubro 2013),23.2 x 16.6 x 1.8 cm,29/10/2013,2687
Text Mining with R: A Tidy Approach,202.11,Capa Comum,4.4,89,194,Ingles,O?Reilly (27 junho 2017),17.53 x 1.02 x 23.11 cm,27/06/2017,1350
The Art of Data Science,,Capa Comum,4.5,22,170,Ingles,Lulu.com (8 junho 2016),15.24 x 1.09 x 22.86 cm,08/06/2016,1734
The Art of Invisibility: The World's Most Famous Hacker Teaches You How to Be Safe in the Age of Big Brother and Big Data,101.05,Capa Comum,4.6,1120,320,Ingles,Back Bay Books; Reprint edição (10 setembro 2019),14.22 x 3.81 x 21.08 cm,10/09/2019,545
The Art of Statistics: How to Learn from Data,145.74,Capa dura,4.6,1390,448,Ingles,Basic Books; Illustrated edição (3 setembro 2019),16.38 x 4.45 x 24.26 cm,03/09/2019,552
The Bible of Algorithms and Data Structures: A Complex Subject Simply Explained (Runtime Complexity. Big O Notation. Programming),74.83,Capa Comum,4,3,138,Ingles,Independently Published (22 agosto 2020),12.7 x 0.79 x 20.32 cm,22/08/2020,198
The Big Book of Dashboards: Visualizing Your Data Using Real-World Business Scenarios,223.9,Capa Comum,4.5,376,448,Ingles,Wiley; 1ª edição (2 junho 2017),22.38 x 2.59 x 22 cm,02/06/2017,1375
The Book of R: A First Course in Programming and Statistics,247.16,Capa Comum,4.5,177,832,Ingles,No Starch Press; 1ª edição (2 agosto 2016),,02/08/2016,1679
The Business of Platforms: Strategy in the Age of Digital Competition. Innovation. and Power,152.07,Capa dura,4.6,106,320,Ingles,Harper Business; Illustrated edição (7 maio 2019),15.24 x 2.67 x 22.86 cm,07/05/2019,671
The Data Detective: Ten Easy Rules to Make Sense of Statistics,138.34,Capa dura,4.4,57,336,Ingles,Riverhead Books (2 fevereiro 2021),15.75 x 3.05 x 23.62 cm,02/02/2021,34
The Data Science Design Manual,466.72,Capa dura,4.8,36,445,Ingles,Springer; 1st ed. 2017 edição (1 julho 2017),,01/07/2017,1346
The Data Science Handbook,437.57,Capa dura,3.9,39,416,Ingles,Wiley; 1ª edição (14 abril 2017),15.24 x 2.29 x 23.88 cm,14/04/2017,1424
The Data Warehouse Lifecycle Toolkit,380.05,Capa Comum,4.3,76,636,Ingles,John Wiley & Sons; 2ª edição (1 janeiro 2008),18.54 x 4.06 x 23.37 cm,01/01/2008,4815
The Data Warehouse Toolkit: The Definitive Guide to Dimensional Modeling,434.06,Capa Comum,4.6,268,564,Ingles,John Wiley & Sons; 3rd edição (1 julho 2013),18.75 x 3.45 x 23.5 cm,01/07/2013,2807
The Data WarehouseÂ ETL Toolkit: Practical Techniques for Extracting. Cleaning. Conforming. and Delivering Data,293.88,Capa Comum,4.4,90,528,Ingles,Wiley; 1ª edição (24 setembro 2004),,24/09/2004,6009
The Digital Cell: Cell Biology as a Data Science,441.89,Capa dura,,,137,Ingles,Cold Spring Harbor Laboratory Press; Illustrated edição (1 dezembro 2019),23.62 x 1.52 x 17.02 cm,01/12/2019,463
The Economics of Data. Analytics. and Digital Transformation: The theorems. laws. and empowerments to guide your organization's digital transformation,172.43,Capa Comum,4.1,5,252,Ingles,Packt Publishing (30 novembro 2020),15.24 x 1.45 x 22.86 cm,30/11/2020,98
The Educational Leader's Guide to Improvement Science: Data. Design and Cases for Reflection,331.71,Capa Comum,4.8,14,230,Ingles,Myers Education Press (27 fevereiro 2019),14.73 x 2.29 x 22.61 cm,27/02/2019,740
The Elements of Statistical Learning: Data Mining. Inference. and Prediction. Second Edition,554.4,Capa dura,4.5,614,745,Ingles,Springer; 2nd ed. 2009. Corr. 9th printing 2017 edição (1 fevereiro 2009),23.62 x 15.24 x 3.56 cm,01/02/2009,4418
The Enterprise Big Data Lake: Delivering the Promise of Big Data and Data Science,322.25,Capa Comum,4.3,42,200,Ingles,O?Reilly; Illustrated edição (19 março 2019),17.78 x 1.02 x 23.11 cm,19/03/2019,720
The Era of Artificial Intelligence. Machine Learning. and Data Science in the Pharmaceutical Industry,832.02,Capa Comum,,,200,Ingles,Academic Press; 1ª edição (15 maio 2021),15.24 x 22.86 cm,15/05/2021,-68
The Harvard Business Review Good Charts Collection: Tips. Tools. and Exercises for Creating Powerful Data Visualizations,311.08,Capa Comum,4.4,17,488,Ingles,Harvard Business Review Press; Workbook edição (19 fevereiro 2019),24.64 x 3.81 x 18.8 cm,19/02/2019,748
The Health Care Data Guide: Learning from Data for Improvement,628.39,Capa Comum,4.8,57,445,Ingles,Jossey-Bass; 1ª edição (4 outubro 2011),21.34 x 2.79 x 27.18 cm,04/10/2011,3443
The Hundred-Page Machine Learning Book,379.81,Capa dura,4.4,113,160,Ingles,Andriy Burkov; Hard Cover ed. edição (11 janeiro 2019),19.05 x 1.42 x 23.5 cm,11/01/2019,787
The Internet of Us – Knowing More and Understanding Less in the Age of Big Data,76.01,Capa Comum,4.2,40,256,Ingles,Liveright; 1ª edição (9 junho 2017),13.97 x 1.78 x 21.08 cm,09/06/2017,1368
The Machine Learning: A Probabilistic Perspective,869.63,Capa dura,4.4,229,1104,Ingles,Mit Press; Illustrated edição (24 agosto 2012),,24/08/2012,3118
The Master Algorithm: How the Quest for the Ultimate Learning Machine Will Remake Our World,96.37,Capa Comum,4.4,556,352,Ingles,Basic Books; Reprint edição (13 fevereiro 2018),13.84 x 3.05 x 20.96 cm,13/02/2018,1119
The Model Thinker: What You Need to Know to Make Data Work for You,145.74,Capa dura,4.5,218,448,Ingles,Basic Books (27 novembro 2018),16.38 x 4.32 x 24.26 cm,27/11/2018,832
The Natural Language for Artificial Intelligence,922.72,Capa Comum,,,320,Ingles,Academic Press; 1ª edição (15 abril 2021),15.24 x 22.86 cm,15/04/2021,-38
The Power of Experiments – Decision Making in a Data–Driven World,160.22,Capa dura,4.2,37,232,Ingles,MIT Press; Illustrated edição (6 março 2020),16.03 x 2.29 x 23.65 cm,06/03/2020,367
The Responsive City: Engaging Communities Through Data-Smart Governance,216.39,Capa dura,4.6,24,208,Ingles,Jossey-Bass; 1ª edição (2 setembro 2014),,02/09/2014,2379
The Rust Programming Language (Covers Rust 2018),183.95,Capa Comum,4.7,309,560,Ingles,No Starch Press; Illustrated edição (12 agosto 2019),17.78 x 3.23 x 23.5 cm,12/08/2019,574
The Statistical Analysis of Experimental Data,100.16,Capa Comum,4.4,33,432,Ingles,Dover Publications; New edition (1 setembro 1984),13.72 x 1.78 x 21.34 cm,01/09/1984,13337
The Underwater World for Digital Data Transmission,393.57,Capa Comum,,,80,Ingles,Springer; 1st ed. 2021 edição (15 maio 2021),15.49 x 23.5 cm,15/05/2021,-68
Think Bayes: Bayesian Statistics in Python,167.55,Capa Comum,4.1,60,190,Ingles,O'Reilly Media; 1ª edição (4 outubro 2013),17.78 x 1.04 x 23.34 cm,04/10/2013,2712
Think DSP: Digital Signal Processing in Python,151.54,Capa Comum,3.7,24,168,Ingles,O?Reilly (2 agosto 2016),17.78 x 0.97 x 23.34 cm,02/08/2016,1679
Think Like a Data Scientist: Tackle the data science process step-by-step,221.35,Capa Comum,4.4,14,328,Ingles,Manning Publications; 1ª edição (28 abril 2017),18.75 x 1.78 x 23.5 cm,28/04/2017,1410
Think STATS: Exploratory Data Analysis,194.29,Capa Comum,4.1,94,226,Ingles,O'Reilly Media; 2ª edição (27 outubro 2014),17.78 x 1.3 x 23.34 cm,27/10/2014,2324
Time Series: A Data Analysis Approach Using R,521.98,Capa dura,4.2,9,271,Ingles,Chapman and Hall/CRC; 1ª edição (21 maio 2019),14.99 x 1.78 x 22.61 cm,21/05/2019,657
Tiny ML: Machine Learning with Tensorflow Lite on Arduino and Ultra-Low-Power Microcontrollers,264,Capa Comum,4.6,101,350,Ingles,O?Reilly (3 janeiro 2020),17.78 x 2.57 x 23.34 cm,03/01/2020,430
Transformers for Natural Language Processing: Build innovative deep neural network architectures for NLP with Python. PyTorch. TensorFlow. BERT. RoBERTa. and more,231.98,Capa Comum,,,384,Ingles,Packt Publishing (28 janeiro 2021),19.05 x 2.21 x 23.5 cm,28/01/2021,39
Trends of Data Science and Applications: Theory and Practices: 954,788.8,Capa dura,,,344,Ingles,Springer; 1st ed. 2021 edição (5 junho 2021),,05/06/2021,-89
Trustworthy Online Controlled Experiments: A Practical Guide to A/B Testing,216.91,Capa Comum,4.7,103,288,Ingles,Cambridge University Press (2 abril 2020),15.24 x 1.52 x 22.61 cm,02/04/2020,340
Univariate. Bivariate. and Multivariate Statistics Using R: Quantitative Tools for Data Analysis and Data Science,812,Capa dura,5,3,384,Ingles,Wiley; 1ª edição (20 maio 2020),15.75 x 2.29 x 23.11 cm,20/05/2020,292
Use a Cabeça! Python,89.99,Capa Comum,4.5,59,616,Portugues,Alta Books; 2ª edição (13 agosto 2018),,13/08/2018,938
User-Defined Tensor Data Analysis,394.37,Capa Comum,,,80,Ingles,Springer; 1st ed. 2021 edição (19 maio 2021),,19/05/2021,-72
Visual Analytics with Tableau,193.61,Capa Comum,4.6,141,288,Ingles,Wiley; 1ª edição (31 maio 2019),18.54 x 1.02 x 23.11 cm,31/05/2019,647
Visualizing Data: Exploring and Explaining Data with the Processing Environment,221.42,Capa Comum,4.2,37,382,Ingles,O?Reilly; 1ª edição (4 janeiro 2008),17.78 x 1.52 x 23.34 cm,04/01/2008,4812
Weapons of Math Destruction: How Big Data Increases Inequality and Threatens Democracy,78.73,Capa Comum,4.5,1604,288,Ingles,Broadway Books; Reprint edição (5 setembro 2017),13.21 x 1.52 x 20.32 cm,05/09/2017,1280
Web Analytics 2.0: The Art of Online Accountability & Science of Customer Centricity [With CDROM]: The Art of Online Accountability and Science of Customer Centricity,183.06,Capa Comum,4.5,238,475,Ingles,Sybex; 1ª edição (1 outubro 2009),18.54 x 3.05 x 23.11 cm,01/10/2009,4176
Web and Big Data. APWeb-WAIM 2020 International Workshops: KGMA 2020. SemiBDMA 2020. DeepLUDA 2020. Tianjin. China. September 18-20. 2020. Revised Selected Papers: 1373,410.31,Capa Comum,,,,Ingles,Springer; 1st ed. 2021 edição (20 maio 2021),,20/05/2021,-73
You Look Like a Thing and I Love You: How Artificial Intelligence Works and Why It's Making the World a Weirder Place,102.06,Capa Comum,4.7,330,272,Ingles,Voracious (23 março 2021),14.1 x 2.92 x 20.96 cm,23/03/2021,-15
